obs_date,site_name,Mean Temperature (Â°C)
2023-01-01,Sydney Airport,26.3
2023-01-02,Sydney Airport,21.2
2023-01-03,Sydney Airport,28.5
2023-01-04,Sydney Airport,29.3
2023-01-05,Sydney Airport,21.1
2023-01-06,Sydney Airport,27.8
2023-01-07,Sydney Airport,29.8
2023-01-08,Sydney Airport,26.4
2023-01-09,Sydney Airport,22.5
2023-01-10,Sydney Airport,23.3
2023-01-11,Sydney Airport,28.5
2023-01-12,Sydney Airport,21.9
2023-01-13,Sydney Airport,27.2
2023-01-14,Sydney Airport,22.6
2023-01-15,Sydney Airport,23.7
2023-01-16,Sydney Airport,26.9
2023-01-17,Sydney Airport,22.8
2023-01-18,Sydney Airport,28.6
2023-01-19,Sydney Airport,22.9
2023-01-20,Sydney Airport,24.7
2023-01-21,Sydney Airport,22.7
2023-01-22,Sydney Airport,22.0
2023-01-23,Sydney Airport,24.4
2023-01-24,Sydney Airport,21.7
2023-01-25,Sydney Airport,25.6
2023-01-26,Sydney Airport,28.7
2023-01-27,Sydney Airport,28.4
2023-01-28,Sydney Airport,25.7
2023-01-29,Sydney Airport,25.7
2023-01-30,Sydney Airport,21.7
2023-01-31,Sydney Airport,22.7
2023-02-01,Sydney Airport,25.0
2023-02-02,Sydney Airport,27.1
2023-02-03,Sydney Airport,21.9
2023-02-04,Sydney Airport,26.5
2023-02-05,Sydney Airport,21.6
2023-02-06,Sydney Airport,29.3
2023-02-07,Sydney Airport,8.2
2023-02-08,Sydney Airport,23.8
2023-02-09,Sydney Airport,29.6
2023-02-10,Sydney Airport,29.8
2023-02-11,Sydney Airport,25.8
2023-02-12,Sydney Airport,26.4
2023-02-13,Sydney Airport,26.7
2023-02-14,Sydney Airport,28.3
2023-02-15,Sydney Airport,20.2
2023-02-16,Sydney Airport,27.5
2023-02-17,Sydney Airport,21.6
2023-02-18,Sydney Airport,18.5
2023-02-19,Sydney Airport,26.0
2023-02-20,Sydney Airport,20.0
2023-02-21,Sydney Airport,27.5
2023-02-22,Sydney Airport,27.5
2023-02-23,Sydney Airport,21.6
2023-02-24,Sydney Airport,27.9
2023-02-25,Sydney Airport,28.7
2023-02-26,Sydney Airport,20.3
2023-02-27,Sydney Airport,29.2
2023-02-28,Sydney Airport,22.1
2023-03-01,Sydney Airport,14.5
2023-03-02,Sydney Airport,17.2
2023-03-03,Sydney Airport,22.8
2023-03-04,Sydney Airport,15.9
2023-03-05,Sydney Airport,19.1
2023-03-06,Sydney Airport,14.6
2023-03-07,Sydney Airport,18.9
2023-03-08,Sydney Airport,19.6
2023-03-09,Sydney Airport,22.5
2023-03-10,Sydney Airport,13.2
2023-03-11,Sydney Airport,21.6
2023-03-12,Sydney Airport,13.4
2023-03-13,Sydney Airport,15.2
2023-03-14,Sydney Airport,20.2
2023-03-15,Sydney Airport,22.1
2023-03-16,Sydney Airport,16.1
2023-03-17,Sydney Airport,21.3
2023-03-18,Sydney Airport,19.3
2023-03-19,Sydney Airport,20.2
2023-03-20,Sydney Airport,16.8
2023-03-21,Sydney Airport,19.5
2023-03-22,Sydney Airport,19.6
2023-03-23,Sydney Airport,14.7
2023-03-24,Sydney Airport,18.7
2023-03-25,Sydney Airport,14.5
2023-03-26,Sydney Airport,13.1
2023-03-27,Sydney Airport,15.4
2023-03-28,Sydney Airport,19.3
2023-03-29,Sydney Airport,14.5
2023-03-30,Sydney Airport,13.2
2023-03-31,Sydney Airport,19.8
2023-04-01,Sydney Airport,22.0
2023-04-02,Sydney Airport,21.8
2023-04-03,Sydney Airport,20.4
2023-04-04,Sydney Airport,14.9
2023-04-05,Sydney Airport,16.0
2023-04-06,Sydney Airport,17.9
2023-04-07,Sydney Airport,19.2
2023-04-08,Sydney Airport,18.8
2023-04-09,Sydney Airport,16.4
2023-04-10,Sydney Airport,20.4
2023-04-11,Sydney Airport,14.7
2023-04-12,Sydney Airport,17.7
2023-04-13,Sydney Airport,13.2
2023-04-14,Sydney Airport,15.1
2023-04-15,Sydney Airport,15.5
2023-04-16,Sydney Airport,22.4
2023-04-17,Sydney Airport,21.7
2023-04-18,Sydney Airport,18.1
2023-04-19,Sydney Airport,22.2
2023-04-20,Sydney Airport,14.3
2023-04-21,Sydney Airport,17.3
2023-04-22,Sydney Airport,19.7
2023-04-23,Sydney Airport,13.1
2023-04-24,Sydney Airport,13.2
2023-04-25,Sydney Airport,18.4
2023-04-26,Sydney Airport,20.4
2023-04-27,Sydney Airport,22.5
2023-04-28,Sydney Airport,17.6
2023-04-29,Sydney Airport,19.6
2023-04-30,Sydney Airport,13.7
2023-05-01,Sydney Airport,21.1
2023-05-02,Sydney Airport,16.3
2023-05-03,Sydney Airport,19.1
2023-05-04,Sydney Airport,17.6
2023-05-05,Sydney Airport,17.9
2023-05-06,Sydney Airport,14.7
2023-05-07,Sydney Airport,19.8
2023-05-08,Sydney Airport,19.0
2023-05-09,Sydney Airport,21.2
2023-05-10,Sydney Airport,21.1
2023-05-11,Sydney Airport,5.5
2023-05-12,Sydney Airport,17.9
2023-05-13,Sydney Airport,22.5
2023-05-14,Sydney Airport,15.6
2023-05-15,Sydney Airport,23.0
2023-05-16,Sydney Airport,20.1
2023-05-17,Sydney Airport,14.1
2023-05-18,Sydney Airport,33.1
2023-05-19,Sydney Airport,14.8
2023-05-20,Sydney Airport,14.8
2023-05-21,Sydney Airport,15.4
2023-05-22,Sydney Airport,21.7
2023-05-23,Sydney Airport,18.4
2023-05-24,Sydney Airport,15.1
2023-05-25,Sydney Airport,16.3
2023-05-26,Sydney Airport,10.9
2023-05-27,Sydney Airport,22.4
2023-05-28,Sydney Airport,15.8
2023-05-29,Sydney Airport,22.1
2023-05-30,Sydney Airport,13.8
2023-05-31,Sydney Airport,14.1
2023-06-01,Sydney Airport,16.0
2023-06-02,Sydney Airport,15.0
2023-06-03,Sydney Airport,-1.5
2023-06-04,Sydney Airport,11.5
2023-06-05,Sydney Airport,-5
2023-06-06,Sydney Airport,7.2
2023-06-07,Sydney Airport,13.6
2023-06-08,Sydney Airport,14.6
2023-06-09,Sydney Airport,14.1
2023-06-10,Sydney Airport,7.6
2023-06-11,Sydney Airport,11.7
2023-06-12,Sydney Airport,13.7
2023-06-13,Sydney Airport,7.0
2023-06-14,Sydney Airport,11.0
2023-06-15,Sydney Airport,8.6
2023-06-16,Sydney Airport,7.2
2023-06-17,Sydney Airport,14.1
2023-06-18,Sydney Airport,14.7
2023-06-19,Sydney Airport,13.9
2023-06-20,Sydney Airport,15.0
2023-06-21,Sydney Airport,12.0
2023-06-22,Sydney Airport,27.1
2023-06-23,Sydney Airport,8.1
2023-06-24,Sydney Airport,10.6
2023-06-25,Sydney Airport,14.4
2023-06-26,Sydney Airport,13.9
2023-06-27,Sydney Airport,12.0
2023-06-28,Sydney Airport,12.5
2023-06-29,Sydney Airport,9.8
2023-06-30,Sydney Airport,11.4
2023-07-01,Sydney Airport,16.1
2023-07-02,Sydney Airport,7.8
2023-07-03,Sydney Airport,7.2
2023-07-04,Sydney Airport,12.2
2023-07-05,Sydney Airport,8.0
2023-07-06,Sydney Airport,14.1
2023-07-07,Sydney Airport,20.1
2023-07-08,Sydney Airport,4.1
2023-07-09,Sydney Airport,16.4
2023-07-10,Sydney Airport,16.2
2023-07-11,Sydney Airport,13.8
2023-07-12,Sydney Airport,9.2
2023-07-13,Sydney Airport,22.2
2023-07-14,Sydney Airport,16.2
2023-07-15,Sydney Airport,8.9
2023-07-16,Sydney Airport,9.7
2023-07-17,Sydney Airport,14.7
2023-07-18,Sydney Airport,12.9
2023-07-19,Sydney Airport,9.4
2023-07-20,Sydney Airport,14.8
2023-07-21,Sydney Airport,8.7
2023-07-22,Sydney Airport,22.3
2023-07-23,Sydney Airport,10.2
2023-07-24,Sydney Airport,8.9
2023-07-25,Sydney Airport,8.6
2023-07-26,Sydney Airport,11.3
2023-07-27,Sydney Airport,16.3
2023-07-28,Sydney Airport,8.4
2023-07-29,Sydney Airport,13.8
2023-07-30,Sydney Airport,7.5
2023-07-31,Sydney Airport,14.9
2023-08-01,Sydney Airport,16.9
2023-08-02,Sydney Airport,10.4
2023-08-03,Sydney Airport,10.3
2023-08-04,Sydney Airport,12.5
2023-08-05,Sydney Airport,16.2
2023-08-06,Sydney Airport,15.0
2023-08-07,Sydney Airport,16.8
2023-08-08,Sydney Airport,9.1
2023-08-09,Sydney Airport,14.0
2023-08-10,Sydney Airport,8.6
2023-08-11,Sydney Airport,8.9
2023-08-12,Sydney Airport,14.6
2023-08-13,Sydney Airport,13.6
2023-08-14,Sydney Airport,13.8
2023-08-15,Sydney Airport,15.6
2023-08-16,Sydney Airport,8.2
2023-08-17,Sydney Airport,15.5
2023-08-18,Sydney Airport,14.3
2023-08-19,Sydney Airport,9.0
2023-08-20,Sydney Airport,11.0
2023-08-21,Sydney Airport,8.2
2023-08-22,Sydney Airport,16.9
2023-08-23,Sydney Airport,9.8
2023-08-24,Sydney Airport,13.9
2023-08-25,Sydney Airport,12.8
2023-08-26,Sydney Airport,13.7
2023-08-27,Sydney Airport,8.8
2023-08-28,Sydney Airport,10.2
2023-08-29,Sydney Airport,8.4
2023-08-30,Sydney Airport,15.1
2023-08-31,Sydney Airport,11.5
2023-09-01,Sydney Airport,17.1
2023-09-02,Sydney Airport,18.7
2023-09-03,Sydney Airport,16.7
2023-09-04,Sydney Airport,20.4
2023-09-05,Sydney Airport,24.8
2023-09-06,Sydney Airport,18.0
2023-09-07,Sydney Airport,20.3
2023-09-08,Sydney Airport,18.0
2023-09-09,Sydney Airport,15.6
2023-09-10,Sydney Airport,23.4
2023-09-11,Sydney Airport,25.0
2023-09-12,Sydney Airport,22.6
2023-09-13,Sydney Airport,17.8
2023-09-14,Sydney Airport,21.5
2023-09-15,Sydney Airport,23.7
2023-09-16,Sydney Airport,15.5
2023-09-17,Sydney Airport,17.8
2023-09-18,Sydney Airport,18.5
2023-09-19,Sydney Airport,24.7
2023-09-20,Sydney Airport,24.0
2023-09-21,Sydney Airport,19.2
2023-09-22,Sydney Airport,23.5
2023-09-23,Sydney Airport,18.8
2023-09-24,Sydney Airport,17.0
2023-09-25,Sydney Airport,20.7
2023-09-26,Sydney Airport,17.6
2023-09-27,Sydney Airport,21.5
2023-09-28,Sydney Airport,16.0
2023-09-29,Sydney Airport,17.6
2023-09-30,Sydney Airport,16.7
2023-10-01,Sydney Airport,20.7
2023-10-02,Sydney Airport,23.2
2023-10-03,Sydney Airport,18.8
2023-10-04,Sydney Airport,20.3
2023-10-05,Sydney Airport,22.9
2023-10-06,Sydney Airport,15.3
2023-10-07,Sydney Airport,21.3
2023-10-08,Sydney Airport,24.4
2023-10-09,Sydney Airport,21.4
2023-10-10,Sydney Airport,21.4
2023-10-11,Sydney Airport,33.1
2023-10-12,Sydney Airport,17.0
2023-10-13,Sydney Airport,20.1
2023-10-14,Sydney Airport,23.7
2023-10-15,Sydney Airport,23.0
2023-10-16,Sydney Airport,23.6
2023-10-17,Sydney Airport,21.2
2023-10-18,Sydney Airport,19.8
2023-10-19,Sydney Airport,17.0
2023-10-20,Sydney Airport,2.5
2023-10-21,Sydney Airport,15.8
2023-10-22,Sydney Airport,32.6
2023-10-23,Sydney Airport,21.8
2023-10-24,Sydney Airport,19.5
2023-10-25,Sydney Airport,31.7
2023-10-26,Sydney Airport,19.7
2023-10-27,Sydney Airport,22.0
2023-10-28,Sydney Airport,17.3
2023-10-29,Sydney Airport,15.6
2023-10-30,Sydney Airport,18.7
2023-10-31,Sydney Airport,23.7
2023-11-01,Sydney Airport,17.5
2023-11-02,Sydney Airport,20.7
2023-11-03,Sydney Airport,24.0
2023-11-04,Sydney Airport,23.7
2023-11-05,Sydney Airport,22.3
2023-11-06,Sydney Airport,15.1
2023-11-07,Sydney Airport,17.9
2023-11-08,Sydney Airport,18.8
2023-11-09,Sydney Airport,21.0
2023-11-10,Sydney Airport,16.4
2023-11-11,Sydney Airport,16.5
2023-11-12,Sydney Airport,23.4
2023-11-13,Sydney Airport,24.8
2023-11-14,Sydney Airport,17.4
2023-11-15,Sydney Airport,22.2
2023-11-16,Sydney Airport,23.4
2023-11-17,Sydney Airport,19.2
2023-11-18,Sydney Airport,16.6
2023-11-19,Sydney Airport,21.6
2023-11-20,Sydney Airport,22.9
2023-11-21,Sydney Airport,16.4
2023-11-22,Sydney Airport,24.8
2023-11-23,Sydney Airport,17.6
2023-11-24,Sydney Airport,17.4
2023-11-25,Sydney Airport,23.9
2023-11-26,Sydney Airport,18.2
2023-11-27,Sydney Airport,23.3
2023-11-28,Sydney Airport,24.2
2023-11-29,Sydney Airport,19.0
2023-11-30,Sydney Airport,15.4
2023-12-01,Sydney Airport,22.0
2023-12-02,Sydney Airport,27.5
2023-12-03,Sydney Airport,26.4
2023-12-04,Sydney Airport,29.6
2023-12-05,Sydney Airport,20.7
2023-12-06,Sydney Airport,28.0
2023-12-07,Sydney Airport,22.8
2023-12-08,Sydney Airport,23.5
2023-12-09,Sydney Airport,22.7
2023-12-10,Sydney Airport,21.5
2023-12-11,Sydney Airport,24.5
2023-12-12,Sydney Airport,24.2
2023-12-13,Sydney Airport,22.2
2023-12-14,Sydney Airport,25.5
2023-12-15,Sydney Airport,23.2
2023-12-16,Sydney Airport,27.7
2023-12-17,Sydney Airport,27.7
2023-12-18,Sydney Airport,27.0
2023-12-19,Sydney Airport,15.4
2023-12-20,Sydney Airport,24.6
2023-12-21,Sydney Airport,27.5
2023-12-22,Sydney Airport,21.7
2023-12-23,Sydney Airport,27.6
2023-12-24,Sydney Airport,23.5
2023-12-25,Sydney Airport,16.3
2023-12-26,Sydney Airport,28.7
2023-12-27,Sydney Airport,22.0
2023-12-28,Sydney Airport,20.7
2023-12-29,Sydney Airport,25.4
2023-12-30,Sydney Airport,25.5
2023-12-31,Sydney Airport,24.5
2023-01-01,Melbourne Airport,23.1
2023-01-02,Melbourne Airport,25.9
2023-01-03,Melbourne Airport,22.8
2023-01-04,Melbourne Airport,20.1
2023-01-05,Melbourne Airport,28.9
2023-01-06,Melbourne Airport,25.4
2023-01-07,Melbourne Airport,21.6
2023-01-08,Melbourne Airport,24.8
2023-01-09,Melbourne Airport,21.0
2023-01-10,Melbourne Airport,22.1
2023-01-11,Melbourne Airport,25.1
2023-01-12,Melbourne Airport,25.5
2023-01-13,Melbourne Airport,29.5
2023-01-14,Melbourne Airport,21.4
2023-01-15,Melbourne Airport,21.4
2023-01-16,Melbourne Airport,24.1
2023-01-17,Melbourne Airport,26.1
2023-01-18,Melbourne Airport,24.2
2023-01-19,Melbourne Airport,24.1
2023-01-20,Melbourne Airport,26.6
2023-01-21,Melbourne Airport,22.5
2023-01-22,Melbourne Airport,23.3
2023-01-23,Melbourne Airport,27.7
2023-01-24,Melbourne Airport,23.0
2023-01-25,Melbourne Airport,24.7
2023-01-26,Melbourne Airport,20.7
2023-01-27,Melbourne Airport,25.3
2023-01-28,Melbourne Airport,28.0
2023-01-29,Melbourne Airport,23.8
2023-01-30,Melbourne Airport,28.3
2023-01-31,Melbourne Airport,26.5
2023-02-01,Melbourne Airport,28.4
2023-02-02,Melbourne Airport,25.1
2023-02-03,Melbourne Airport,24.6
2023-02-04,Melbourne Airport,25.8
2023-02-05,Melbourne Airport,20.5
2023-02-06,Melbourne Airport,26.4
2023-02-07,Melbourne Airport,29.4
2023-02-08,Melbourne Airport,25.4
2023-02-09,Melbourne Airport,22.7
2023-02-10,Melbourne Airport,12.2
2023-02-11,Melbourne Airport,24.3
2023-02-12,Melbourne Airport,24.8
2023-02-13,Melbourne Airport,25.6
2023-02-14,Melbourne Airport,24.5
2023-02-15,Melbourne Airport,25.1
2023-02-16,Melbourne Airport,26.8
2023-02-17,Melbourne Airport,20.3
2023-02-18,Melbourne Airport,29.1
2023-02-19,Melbourne Airport,38.9
2023-02-20,Melbourne Airport,26.4
2023-02-21,Melbourne Airport,27.2
2023-02-22,Melbourne Airport,26.7
2023-02-23,Melbourne Airport,21.0
2023-02-24,Melbourne Airport,29.2
2023-02-25,Melbourne Airport,29.2
2023-02-26,Melbourne Airport,27.1
2023-02-27,Melbourne Airport,21.8
2023-02-28,Melbourne Airport,26.0
2023-03-01,Melbourne Airport,17.8
2023-03-02,Melbourne Airport,17.1
2023-03-03,Melbourne Airport,17.3
2023-03-04,Melbourne Airport,20.0
2023-03-05,Melbourne Airport,21.9
2023-03-06,Melbourne Airport,13.3
2023-03-07,Melbourne Airport,1.6
2023-03-08,Melbourne Airport,19.7
2023-03-09,Melbourne Airport,19.4
2023-03-10,Melbourne Airport,18.7
2023-03-11,Melbourne Airport,15.0
2023-03-12,Melbourne Airport,19.7
2023-03-13,Melbourne Airport,13.0
2023-03-14,Melbourne Airport,15.1
2023-03-15,Melbourne Airport,18.1
2023-03-16,Melbourne Airport,16.2
2023-03-17,Melbourne Airport,13.3
2023-03-18,Melbourne Airport,19.8
2023-03-19,Melbourne Airport,22.5
2023-03-20,Melbourne Airport,18.4
2023-03-21,Melbourne Airport,20.4
2023-03-22,Melbourne Airport,22.8
2023-03-23,Melbourne Airport,18.9
2023-03-24,Melbourne Airport,18.5
2023-03-25,Melbourne Airport,15.7
2023-03-26,Melbourne Airport,17.1
2023-03-27,Melbourne Airport,15.4
2023-03-28,Melbourne Airport,15.0
2023-03-29,Melbourne Airport,16.8
2023-03-30,Melbourne Airport,6.1
2023-03-31,Melbourne Airport,21.5
2023-04-01,Melbourne Airport,21.5
2023-04-02,Melbourne Airport,21.6
2023-04-03,Melbourne Airport,24.6
2023-04-04,Melbourne Airport,16.0
2023-04-05,Melbourne Airport,22.1
2023-04-06,Melbourne Airport,21.4
2023-04-07,Melbourne Airport,15.3
2023-04-08,Melbourne Airport,17.3
2023-04-09,Melbourne Airport,17.9
2023-04-10,Melbourne Airport,15.8
2023-04-11,Melbourne Airport,22.1
2023-04-12,Melbourne Airport,15.8
2023-04-13,Melbourne Airport,13.8
2023-04-14,Melbourne Airport,10.5
2023-04-15,Melbourne Airport,15.8
2023-04-16,Melbourne Airport,13.1
2023-04-17,Melbourne Airport,15.1
2023-04-18,Melbourne Airport,33.9
2023-04-19,Melbourne Airport,17.1
2023-04-20,Melbourne Airport,30.6
2023-04-21,Melbourne Airport,18.8
2023-04-22,Melbourne Airport,21.9
2023-04-23,Melbourne Airport,21.4
2023-04-24,Melbourne Airport,16.2
2023-04-25,Melbourne Airport,18.4
2023-04-26,Melbourne Airport,13.7
2023-04-27,Melbourne Airport,19.9
2023-04-28,Melbourne Airport,18.4
2023-04-29,Melbourne Airport,21.4
2023-04-30,Melbourne Airport,20.6
2023-05-01,Melbourne Airport,22.1
2023-05-02,Melbourne Airport,19.8
2023-05-03,Melbourne Airport,19.1
2023-05-04,Melbourne Airport,21.3
2023-05-05,Melbourne Airport,15.4
2023-05-06,Melbourne Airport,18.4
2023-05-07,Melbourne Airport,16.6
2023-05-08,Melbourne Airport,13.8
2023-05-09,Melbourne Airport,19.6
2023-05-10,Melbourne Airport,16.4
2023-05-11,Melbourne Airport,14.7
2023-05-12,Melbourne Airport,17.3
2023-05-13,Melbourne Airport,18.2
2023-05-14,Melbourne Airport,17.0
2023-05-15,Melbourne Airport,18.1
2023-05-16,Melbourne Airport,15.9
2023-05-17,Melbourne Airport,13.3
2023-05-18,Melbourne Airport,15.6
2023-05-19,Melbourne Airport,13.5
2023-05-20,Melbourne Airport,17.3
2023-05-21,Melbourne Airport,20.8
2023-05-22,Melbourne Airport,13.8
2023-05-23,Melbourne Airport,21.3
2023-05-24,Melbourne Airport,22.6
2023-05-25,Melbourne Airport,21.6
2023-05-26,Melbourne Airport,18.2
2023-05-27,Melbourne Airport,19.7
2023-05-28,Melbourne Airport,18.2
2023-05-29,Melbourne Airport,29.9
2023-05-30,Melbourne Airport,16.0
2023-05-31,Melbourne Airport,20.7
2023-06-01,Melbourne Airport,7.3
2023-06-02,Melbourne Airport,10.9
2023-06-03,Melbourne Airport,-2.7
2023-06-04,Melbourne Airport,14.4
2023-06-05,Melbourne Airport,13.8
2023-06-06,Melbourne Airport,9.3
2023-06-07,Melbourne Airport,7.9
2023-06-08,Melbourne Airport,9.1
2023-06-09,Melbourne Airport,15.1
2023-06-10,Melbourne Airport,15.4
2023-06-11,Melbourne Airport,11.6
2023-06-12,Melbourne Airport,13.2
2023-06-13,Melbourne Airport,7.8
2023-06-14,Melbourne Airport,10.8
2023-06-15,Melbourne Airport,9.2
2023-06-16,Melbourne Airport,14.1
2023-06-17,Melbourne Airport,13.6
2023-06-18,Melbourne Airport,12.8
2023-06-19,Melbourne Airport,12.4
2023-06-20,Melbourne Airport,13.8
2023-06-21,Melbourne Airport,15.7
2023-06-22,Melbourne Airport,13.0
2023-06-23,Melbourne Airport,11.9
2023-06-24,Melbourne Airport,13.2
2023-06-25,Melbourne Airport,8.2
2023-06-26,Melbourne Airport,13.1
2023-06-27,Melbourne Airport,14.1
2023-06-28,Melbourne Airport,11.5
2023-06-29,Melbourne Airport,9.2
2023-06-30,Melbourne Airport,8.4
2023-07-01,Melbourne Airport,14.9
2023-07-02,Melbourne Airport,14.1
2023-07-03,Melbourne Airport,7.4
2023-07-04,Melbourne Airport,16.7
2023-07-05,Melbourne Airport,16.2
2023-07-06,Melbourne Airport,15.4
2023-07-07,Melbourne Airport,27.2
2023-07-08,Melbourne Airport,10.1
2023-07-09,Melbourne Airport,13.9
2023-07-10,Melbourne Airport,14.3
2023-07-11,Melbourne Airport,12.2
2023-07-12,Melbourne Airport,7.3
2023-07-13,Melbourne Airport,13.1
2023-07-14,Melbourne Airport,16.6
2023-07-15,Melbourne Airport,15.6
2023-07-16,Melbourne Airport,7.3
2023-07-17,Melbourne Airport,13.9
2023-07-18,Melbourne Airport,11.3
2023-07-19,Melbourne Airport,7.4
2023-07-20,Melbourne Airport,11.5
2023-07-21,Melbourne Airport,10.6
2023-07-22,Melbourne Airport,15.4
2023-07-23,Melbourne Airport,15.7
2023-07-24,Melbourne Airport,13.4
2023-07-25,Melbourne Airport,15.9
2023-07-26,Melbourne Airport,9.3
2023-07-27,Melbourne Airport,9.9
2023-07-28,Melbourne Airport,9.6
2023-07-29,Melbourne Airport,8.7
2023-07-30,Melbourne Airport,9.2
2023-07-31,Melbourne Airport,11.8
2023-08-01,Melbourne Airport,8.9
2023-08-02,Melbourne Airport,7.4
2023-08-03,Melbourne Airport,11.9
2023-08-04,Melbourne Airport,10.9
2023-08-05,Melbourne Airport,16.1
2023-08-06,Melbourne Airport,13.8
2023-08-07,Melbourne Airport,15.5
2023-08-08,Melbourne Airport,10.8
2023-08-09,Melbourne Airport,9.9
2023-08-10,Melbourne Airport,9.0
2023-08-11,Melbourne Airport,9.2
2023-08-12,Melbourne Airport,9.4
2023-08-13,Melbourne Airport,13.2
2023-08-14,Melbourne Airport,9.1
2023-08-15,Melbourne Airport,12.4
2023-08-16,Melbourne Airport,7.9
2023-08-17,Melbourne Airport,8.6
2023-08-18,Melbourne Airport,16.4
2023-08-19,Melbourne Airport,14.8
2023-08-20,Melbourne Airport,12.2
2023-08-21,Melbourne Airport,11.2
2023-08-22,Melbourne Airport,9.1
2023-08-23,Melbourne Airport,13.8
2023-08-24,Melbourne Airport,13.1
2023-08-25,Melbourne Airport,16.9
2023-08-26,Melbourne Airport,8.3
2023-08-27,Melbourne Airport,15.9
2023-08-28,Melbourne Airport,11.7
2023-08-29,Melbourne Airport,12.1
2023-08-30,Melbourne Airport,12.0
2023-08-31,Melbourne Airport,11.7
2023-09-01,Melbourne Airport,8.9
2023-09-02,Melbourne Airport,22.6
2023-09-03,Melbourne Airport,16.1
2023-09-04,Melbourne Airport,21.6
2023-09-05,Melbourne Airport,31.1
2023-09-06,Melbourne Airport,18.6
2023-09-07,Melbourne Airport,20.7
2023-09-08,Melbourne Airport,18.1
2023-09-09,Melbourne Airport,19.7
2023-09-10,Melbourne Airport,19.8
2023-09-11,Melbourne Airport,18.4
2023-09-12,Melbourne Airport,20.4
2023-09-13,Melbourne Airport,18.9
2023-09-14,Melbourne Airport,22.4
2023-09-15,Melbourne Airport,21.3
2023-09-16,Melbourne Airport,20.9
2023-09-17,Melbourne Airport,24.5
2023-09-18,Melbourne Airport,15.2
2023-09-19,Melbourne Airport,19.7
2023-09-20,Melbourne Airport,18.8
2023-09-21,Melbourne Airport,19.0
2023-09-22,Melbourne Airport,19.3
2023-09-23,Melbourne Airport,15.4
2023-09-24,Melbourne Airport,15.0
2023-09-25,Melbourne Airport,18.5
2023-09-26,Melbourne Airport,18.1
2023-09-27,Melbourne Airport,23.6
2023-09-28,Melbourne Airport,22.3
2023-09-29,Melbourne Airport,19.5
2023-09-30,Melbourne Airport,18.1
2023-10-01,Melbourne Airport,26.5
2023-10-02,Melbourne Airport,18.2
2023-10-03,Melbourne Airport,24.4
2023-10-04,Melbourne Airport,18.0
2023-10-05,Melbourne Airport,24.1
2023-10-06,Melbourne Airport,18.9
2023-10-07,Melbourne Airport,17.5
2023-10-08,Melbourne Airport,20.0
2023-10-09,Melbourne Airport,18.0
2023-10-10,Melbourne Airport,16.6
2023-10-11,Melbourne Airport,20.5
2023-10-12,Melbourne Airport,21.0
2023-10-13,Melbourne Airport,22.0
2023-10-14,Melbourne Airport,17.3
2023-10-15,Melbourne Airport,24.0
2023-10-16,Melbourne Airport,20.1
2023-10-17,Melbourne Airport,17.1
2023-10-18,Melbourne Airport,25.0
2023-10-19,Melbourne Airport,17.8
2023-10-20,Melbourne Airport,21.3
2023-10-21,Melbourne Airport,17.8
2023-10-22,Melbourne Airport,23.7
2023-10-23,Melbourne Airport,21.6
2023-10-24,Melbourne Airport,16.9
2023-10-25,Melbourne Airport,23.8
2023-10-26,Melbourne Airport,4.4
2023-10-27,Melbourne Airport,18.8
2023-10-28,Melbourne Airport,15.7
2023-10-29,Melbourne Airport,16.5
2023-10-30,Melbourne Airport,17.3
2023-10-31,Melbourne Airport,17.6
2023-11-01,Melbourne Airport,24.6
2023-11-02,Melbourne Airport,22.9
2023-11-03,Melbourne Airport,15.9
2023-11-04,Melbourne Airport,21.8
2023-11-05,Melbourne Airport,19.6
2023-11-06,Melbourne Airport,20.5
2023-11-07,Melbourne Airport,7.0
2023-11-08,Melbourne Airport,23.4
2023-11-09,Melbourne Airport,23.5
2023-11-10,Melbourne Airport,15.8
2023-11-11,Melbourne Airport,25.0
2023-11-12,Melbourne Airport,15.1
2023-11-13,Melbourne Airport,18.7
2023-11-14,Melbourne Airport,22.9
2023-11-15,Melbourne Airport,19.4
2023-11-16,Melbourne Airport,22.5
2023-11-17,Melbourne Airport,24.5
2023-11-18,Melbourne Airport,17.3
2023-11-19,Melbourne Airport,16.8
2023-11-20,Melbourne Airport,23.9
2023-11-21,Melbourne Airport,15.6
2023-11-22,Melbourne Airport,17.4
2023-11-23,Melbourne Airport,38.4
2023-11-24,Melbourne Airport,23.1
2023-11-25,Melbourne Airport,22.0
2023-11-26,Melbourne Airport,16.5
2023-11-27,Melbourne Airport,21.9
2023-11-28,Melbourne Airport,33.0
2023-11-29,Melbourne Airport,18.9
2023-11-30,Melbourne Airport,27.7
2023-12-01,Melbourne Airport,8.9
2023-12-02,Melbourne Airport,28.9
2023-12-03,Melbourne Airport,28.6
2023-12-04,Melbourne Airport,22.7
2023-12-05,Melbourne Airport,25.0
2023-12-06,Melbourne Airport,28.9
2023-12-07,Melbourne Airport,23.6
2023-12-08,Melbourne Airport,29.0
2023-12-09,Melbourne Airport,26.8
2023-12-10,Melbourne Airport,20.4
2023-12-11,Melbourne Airport,22.0
2023-12-12,Melbourne Airport,23.7
2023-12-13,Melbourne Airport,29.7
2023-12-14,Melbourne Airport,23.1
2023-12-15,Melbourne Airport,20.8
2023-12-16,Melbourne Airport,20.7
2023-12-17,Melbourne Airport,29.6
2023-12-18,Melbourne Airport,21.8
2023-12-19,Melbourne Airport,24.2
2023-12-20,Melbourne Airport,22.2
2023-12-21,Melbourne Airport,29.0
2023-12-22,Melbourne Airport,29.2
2023-12-23,Melbourne Airport,22.1
2023-12-24,Melbourne Airport,25.4
2023-12-25,Melbourne Airport,25.6
2023-12-26,Melbourne Airport,27.2
2023-12-27,Melbourne Airport,24.2
2023-12-28,Melbourne Airport,22.3
2023-12-29,Melbourne Airport,26.8
2023-12-30,Melbourne Airport,28.0
2023-12-31,Melbourne Airport,10.0
2023-01-01,Brisbane Airport,15.8
2023-01-02,Brisbane Airport,28.9
2023-01-03,Brisbane Airport,25.0
2023-01-04,Brisbane Airport,28.0
2023-01-05,Brisbane Airport,31.2
2023-01-06,Brisbane Airport,26.4
2023-01-07,Brisbane Airport,31.3
2023-01-08,Brisbane Airport,30.8
2023-01-09,Brisbane Airport,24.4
2023-01-10,Brisbane Airport,24.2
2023-01-11,Brisbane Airport,25.1
2023-01-12,Brisbane Airport,26.6
2023-01-13,Brisbane Airport,23.6
2023-01-14,Brisbane Airport,23.7
2023-01-15,Brisbane Airport,26.4
2023-01-16,Brisbane Airport,24.8
2023-01-17,Brisbane Airport,24.5
2023-01-18,Brisbane Airport,29.3
2023-01-19,Brisbane Airport,23.4
2023-01-20,Brisbane Airport,27.1
2023-01-21,Brisbane Airport,29.0
2023-01-22,Brisbane Airport,30.3
2023-01-23,Brisbane Airport,29.9
2023-01-24,Brisbane Airport,26.3
2023-01-25,Brisbane Airport,28.3
2023-01-26,Brisbane Airport,30.6
2023-01-27,Brisbane Airport,27.3
2023-01-28,Brisbane Airport,23.9
2023-01-29,Brisbane Airport,26.2
2023-01-30,Brisbane Airport,28.9
2023-01-31,Brisbane Airport,28.8
2023-02-01,Brisbane Airport,29.9
2023-02-02,Brisbane Airport,25.8
2023-02-03,Brisbane Airport,24.8
2023-02-04,Brisbane Airport,29.7
2023-02-05,Brisbane Airport,29.4
2023-02-06,Brisbane Airport,31.7
2023-02-07,Brisbane Airport,29.0
2023-02-08,Brisbane Airport,32.6
2023-02-09,Brisbane Airport,24.8
2023-02-10,Brisbane Airport,31.5
2023-02-11,Brisbane Airport,26.0
2023-02-12,Brisbane Airport,31.6
2023-02-13,Brisbane Airport,32.2
2023-02-14,Brisbane Airport,24.4
2023-02-15,Brisbane Airport,32.7
2023-02-16,Brisbane Airport,30.2
2023-02-17,Brisbane Airport,23.8
2023-02-18,Brisbane Airport,25.5
2023-02-19,Brisbane Airport,24.4
2023-02-20,Brisbane Airport,23.5
2023-02-21,Brisbane Airport,29.1
2023-02-22,Brisbane Airport,27.0
2023-02-23,Brisbane Airport,28.7
2023-02-24,Brisbane Airport,29.5
2023-02-25,Brisbane Airport,32.6
2023-02-26,Brisbane Airport,23.4
2023-02-27,Brisbane Airport,27.4
2023-02-28,Brisbane Airport,28.6
2023-03-01,Brisbane Airport,25.7
2023-03-02,Brisbane Airport,20.0
2023-03-03,Brisbane Airport,22.8
2023-03-04,Brisbane Airport,18.0
2023-03-05,Brisbane Airport,27.0
2023-03-06,Brisbane Airport,19.8
2023-03-07,Brisbane Airport,18.0
2023-03-08,Brisbane Airport,18.8
2023-03-09,Brisbane Airport,22.4
2023-03-10,Brisbane Airport,26.1
2023-03-11,Brisbane Airport,17.9
2023-03-12,Brisbane Airport,20.6
2023-03-13,Brisbane Airport,26.8
2023-03-14,Brisbane Airport,25.1
2023-03-15,Brisbane Airport,21.6
2023-03-16,Brisbane Airport,17.8
2023-03-17,Brisbane Airport,24.0
2023-03-18,Brisbane Airport,16.7
2023-03-19,Brisbane Airport,21.2
2023-03-20,Brisbane Airport,24.0
2023-03-21,Brisbane Airport,22.4
2023-03-22,Brisbane Airport,26.8
2023-03-23,Brisbane Airport,24.4
2023-03-24,Brisbane Airport,19.6
2023-03-25,Brisbane Airport,24.3
2023-03-26,Brisbane Airport,21.1
2023-03-27,Brisbane Airport,21.0
2023-03-28,Brisbane Airport,20.0
2023-03-29,Brisbane Airport,11.5
2023-03-30,Brisbane Airport,25.6
2023-03-31,Brisbane Airport,19.1
2023-04-01,Brisbane Airport,18.2
2023-04-02,Brisbane Airport,33.0
2023-04-03,Brisbane Airport,17.9
2023-04-04,Brisbane Airport,24.4
2023-04-05,Brisbane Airport,21.3
2023-04-06,Brisbane Airport,25.5
2023-04-07,Brisbane Airport,19.8
2023-04-08,Brisbane Airport,24.7
2023-04-09,Brisbane Airport,23.4
2023-04-10,Brisbane Airport,27.0
2023-04-11,Brisbane Airport,22.7
2023-04-12,Brisbane Airport,24.7
2023-04-13,Brisbane Airport,18.3
2023-04-14,Brisbane Airport,26.5
2023-04-15,Brisbane Airport,24.9
2023-04-16,Brisbane Airport,20.4
2023-04-17,Brisbane Airport,20.3
2023-04-18,Brisbane Airport,22.6
2023-04-19,Brisbane Airport,24.0
2023-04-20,Brisbane Airport,23.1
2023-04-21,Brisbane Airport,21.1
2023-04-22,Brisbane Airport,25.1
2023-04-23,Brisbane Airport,22.6
2023-04-24,Brisbane Airport,19.0
2023-04-25,Brisbane Airport,24.2
2023-04-26,Brisbane Airport,17.5
2023-04-27,Brisbane Airport,26.7
2023-04-28,Brisbane Airport,22.6
2023-04-29,Brisbane Airport,20.5
2023-04-30,Brisbane Airport,24.2
2023-05-01,Brisbane Airport,24.1
2023-05-02,Brisbane Airport,21.7
2023-05-03,Brisbane Airport,19.9
2023-05-04,Brisbane Airport,22.5
2023-05-05,Brisbane Airport,22.4
2023-05-06,Brisbane Airport,22.5
2023-05-07,Brisbane Airport,26.4
2023-05-08,Brisbane Airport,23.7
2023-05-09,Brisbane Airport,10.1
2023-05-10,Brisbane Airport,18.2
2023-05-11,Brisbane Airport,18.6
2023-05-12,Brisbane Airport,23.8
2023-05-13,Brisbane Airport,17.3
2023-05-14,Brisbane Airport,23.7
2023-05-15,Brisbane Airport,23.5
2023-05-16,Brisbane Airport,19.5
2023-05-17,Brisbane Airport,24.8
2023-05-18,Brisbane Airport,26.0
2023-05-19,Brisbane Airport,26.0
2023-05-20,Brisbane Airport,25.9
2023-05-21,Brisbane Airport,24.1
2023-05-22,Brisbane Airport,22.1
2023-05-23,Brisbane Airport,25.4
2023-05-24,Brisbane Airport,20.2
2023-05-25,Brisbane Airport,18.4
2023-05-26,Brisbane Airport,20.4
2023-05-27,Brisbane Airport,20.1
2023-05-28,Brisbane Airport,17.6
2023-05-29,Brisbane Airport,19.9
2023-05-30,Brisbane Airport,24.7
2023-05-31,Brisbane Airport,17.1
2023-06-01,Brisbane Airport,12.9
2023-06-02,Brisbane Airport,16.3
2023-06-03,Brisbane Airport,12.6
2023-06-04,Brisbane Airport,19.4
2023-06-05,Brisbane Airport,16.7
2023-06-06,Brisbane Airport,14.2
2023-06-07,Brisbane Airport,12.9
2023-06-08,Brisbane Airport,14.5
2023-06-09,Brisbane Airport,19.5
2023-06-10,Brisbane Airport,18.3
2023-06-11,Brisbane Airport,11.0
2023-06-12,Brisbane Airport,11.9
2023-06-13,Brisbane Airport,17.9
2023-06-14,Brisbane Airport,14.0
2023-06-15,Brisbane Airport,16.8
2023-06-16,Brisbane Airport,18.4
2023-06-17,Brisbane Airport,12.0
2023-06-18,Brisbane Airport,16.2
2023-06-19,Brisbane Airport,20.0
2023-06-20,Brisbane Airport,18.1
2023-06-21,Brisbane Airport,12.3
2023-06-22,Brisbane Airport,15.4
2023-06-23,Brisbane Airport,11.7
2023-06-24,Brisbane Airport,11.1
2023-06-25,Brisbane Airport,12.5
2023-06-26,Brisbane Airport,17.9
2023-06-27,Brisbane Airport,11.2
2023-06-28,Brisbane Airport,15.8
2023-06-29,Brisbane Airport,13.6
2023-06-30,Brisbane Airport,10.2
2023-07-01,Brisbane Airport,18.1
2023-07-02,Brisbane Airport,10.6
2023-07-03,Brisbane Airport,17.9
2023-07-04,Brisbane Airport,15.3
2023-07-05,Brisbane Airport,13.5
2023-07-06,Brisbane Airport,13.5
2023-07-07,Brisbane Airport,18.5
2023-07-08,Brisbane Airport,13.9
2023-07-09,Brisbane Airport,19.7
2023-07-10,Brisbane Airport,13.2
2023-07-11,Brisbane Airport,15.6
2023-07-12,Brisbane Airport,11.9
2023-07-13,Brisbane Airport,7.9
2023-07-14,Brisbane Airport,12.8
2023-07-15,Brisbane Airport,16.1
2023-07-16,Brisbane Airport,10.4
2023-07-17,Brisbane Airport,17.0
2023-07-18,Brisbane Airport,12.0
2023-07-19,Brisbane Airport,19.7
2023-07-20,Brisbane Airport,12.4
2023-07-21,Brisbane Airport,23.5
2023-07-22,Brisbane Airport,19.7
2023-07-23,Brisbane Airport,10.1
2023-07-24,Brisbane Airport,12.2
2023-07-25,Brisbane Airport,14.9
2023-07-26,Brisbane Airport,17.5
2023-07-27,Brisbane Airport,15.2
2023-07-28,Brisbane Airport,19.8
2023-07-29,Brisbane Airport,16.9
2023-07-30,Brisbane Airport,15.2
2023-07-31,Brisbane Airport,19.0
2023-08-01,Brisbane Airport,19.7
2023-08-02,Brisbane Airport,18.4
2023-08-03,Brisbane Airport,17.3
2023-08-04,Brisbane Airport,13.1
2023-08-05,Brisbane Airport,16.5
2023-08-06,Brisbane Airport,12.3
2023-08-07,Brisbane Airport,13.4
2023-08-08,Brisbane Airport,14.0
2023-08-09,Brisbane Airport,15.7
2023-08-10,Brisbane Airport,-0.1
2023-08-11,Brisbane Airport,13.5
2023-08-12,Brisbane Airport,10.6
2023-08-13,Brisbane Airport,17.7
2023-08-14,Brisbane Airport,18.3
2023-08-15,Brisbane Airport,18.4
2023-08-16,Brisbane Airport,13.4
2023-08-17,Brisbane Airport,16.2
2023-08-18,Brisbane Airport,17.1
2023-08-19,Brisbane Airport,12.3
2023-08-20,Brisbane Airport,11.0
2023-08-21,Brisbane Airport,13.3
2023-08-22,Brisbane Airport,10.4
2023-08-23,Brisbane Airport,11.8
2023-08-24,Brisbane Airport,13.6
2023-08-25,Brisbane Airport,10.1
2023-08-26,Brisbane Airport,10.5
2023-08-27,Brisbane Airport,18.1
2023-08-28,Brisbane Airport,15.6
2023-08-29,Brisbane Airport,14.3
2023-08-30,Brisbane Airport,12.1
2023-08-31,Brisbane Airport,10.1
2023-09-01,Brisbane Airport,20.0
2023-09-02,Brisbane Airport,24.3
2023-09-03,Brisbane Airport,27.9
2023-09-04,Brisbane Airport,24.0
2023-09-05,Brisbane Airport,26.4
2023-09-06,Brisbane Airport,19.6
2023-09-07,Brisbane Airport,23.0
2023-09-08,Brisbane Airport,20.9
2023-09-09,Brisbane Airport,20.3
2023-09-10,Brisbane Airport,10.2
2023-09-11,Brisbane Airport,23.9
2023-09-12,Brisbane Airport,22.8
2023-09-13,Brisbane Airport,21.1
2023-09-14,Brisbane Airport,24.2
2023-09-15,Brisbane Airport,27.7
2023-09-16,Brisbane Airport,27.2
2023-09-17,Brisbane Airport,25.9
2023-09-18,Brisbane Airport,27.2
2023-09-19,Brisbane Airport,21.5
2023-09-20,Brisbane Airport,20.4
2023-09-21,Brisbane Airport,26.8
2023-09-22,Brisbane Airport,23.6
2023-09-23,Brisbane Airport,21.5
2023-09-24,Brisbane Airport,25.1
2023-09-25,Brisbane Airport,19.8
2023-09-26,Brisbane Airport,25.4
2023-09-27,Brisbane Airport,21.3
2023-09-28,Brisbane Airport,26.0
2023-09-29,Brisbane Airport,24.2
2023-09-30,Brisbane Airport,20.0
2023-10-01,Brisbane Airport,26.0
2023-10-02,Brisbane Airport,26.0
2023-10-03,Brisbane Airport,24.3
2023-10-04,Brisbane Airport,28.4
2023-10-05,Brisbane Airport,19.4
2023-10-06,Brisbane Airport,19.2
2023-10-07,Brisbane Airport,39.8
2023-10-08,Brisbane Airport,25.9
2023-10-09,Brisbane Airport,22.5
2023-10-10,Brisbane Airport,22.5
2023-10-11,Brisbane Airport,21.5
2023-10-12,Brisbane Airport,27.9
2023-10-13,Brisbane Airport,24.7
2023-10-14,Brisbane Airport,25.3
2023-10-15,Brisbane Airport,23.2
2023-10-16,Brisbane Airport,22.3
2023-10-17,Brisbane Airport,23.6
2023-10-18,Brisbane Airport,26.9
2023-10-19,Brisbane Airport,25.1
2023-10-20,Brisbane Airport,28.9
2023-10-21,Brisbane Airport,20.1
2023-10-22,Brisbane Airport,35.4
2023-10-23,Brisbane Airport,27.8
2023-10-24,Brisbane Airport,27.9
2023-10-25,Brisbane Airport,23.5
2023-10-26,Brisbane Airport,22.3
2023-10-27,Brisbane Airport,19.6
2023-10-28,Brisbane Airport,21.3
2023-10-29,Brisbane Airport,24.7
2023-10-30,Brisbane Airport,23.5
2023-10-31,Brisbane Airport,19.4
2023-11-01,Brisbane Airport,26.6
2023-11-02,Brisbane Airport,21.1
2023-11-03,Brisbane Airport,25.4
2023-11-04,Brisbane Airport,26.4
2023-11-05,Brisbane Airport,21.5
2023-11-06,Brisbane Airport,21.0
2023-11-07,Brisbane Airport,36.1
2023-11-08,Brisbane Airport,22.8
2023-11-09,Brisbane Airport,28.2
2023-11-10,Brisbane Airport,22.6
2023-11-11,Brisbane Airport,22.0
2023-11-12,Brisbane Airport,23.4
2023-11-13,Brisbane Airport,24.7
2023-11-14,Brisbane Airport,25.8
2023-11-15,Brisbane Airport,26.9
2023-11-16,Brisbane Airport,24.5
2023-11-17,Brisbane Airport,22.6
2023-11-18,Brisbane Airport,25.2
2023-11-19,Brisbane Airport,26.3
2023-11-20,Brisbane Airport,24.5
2023-11-21,Brisbane Airport,21.5
2023-11-22,Brisbane Airport,24.2
2023-11-23,Brisbane Airport,27.9
2023-11-24,Brisbane Airport,19.5
2023-11-25,Brisbane Airport,24.4
2023-11-26,Brisbane Airport,21.6
2023-11-27,Brisbane Airport,25.0
2023-11-28,Brisbane Airport,21.8
2023-11-29,Brisbane Airport,25.7
2023-11-30,Brisbane Airport,22.7
2023-12-01,Brisbane Airport,30.7
2023-12-02,Brisbane Airport,23.7
2023-12-03,Brisbane Airport,30.4
2023-12-04,Brisbane Airport,26.6
2023-12-05,Brisbane Airport,27.3
2023-12-06,Brisbane Airport,27.7
2023-12-07,Brisbane Airport,24.9
2023-12-08,Brisbane Airport,30.6
2023-12-09,Brisbane Airport,25.4
2023-12-10,Brisbane Airport,25.6
2023-12-11,Brisbane Airport,29.0
2023-12-12,Brisbane Airport,26.3
2023-12-13,Brisbane Airport,27.0
2023-12-14,Brisbane Airport,31.0
2023-12-15,Brisbane Airport,24.2
2023-12-16,Brisbane Airport,32.9
2023-12-17,Brisbane Airport,32.4
2023-12-18,Brisbane Airport,33.0
2023-12-19,Brisbane Airport,32.6
2023-12-20,Brisbane Airport,27.9
2023-12-21,Brisbane Airport,30.1
2023-12-22,Brisbane Airport,27.9
2023-12-23,Brisbane Airport,25.7
2023-12-24,Brisbane Airport,28.6
2023-12-25,Brisbane Airport,22.7
2023-12-26,Brisbane Airport,23.2
2023-12-27,Brisbane Airport,23.1
2023-12-28,Brisbane Airport,26.4
2023-12-29,Brisbane Airport,26.9
2023-12-30,Brisbane Airport,25.8
2023-12-31,Brisbane Airport,25.1
2023-01-01,Perth Airport,25.5
2023-01-02,Perth Airport,23.3
2023-01-03,Perth Airport,21.5
2023-01-04,Perth Airport,26.5
2023-01-05,Perth Airport,26.3
2023-01-06,Perth Airport,27.1
2023-01-07,Perth Airport,25.3
2023-01-08,Perth Airport,22.4
2023-01-09,Perth Airport,21.5
2023-01-10,Perth Airport,26.2
2023-01-11,Perth Airport,28.5
2023-01-12,Perth Airport,22.8
2023-01-13,Perth Airport,26.7
2023-01-14,Perth Airport,27.0
2023-01-15,Perth Airport,25.1
2023-01-16,Perth Airport,26.0
2023-01-17,Perth Airport,23.4
2023-01-18,Perth Airport,29.9
2023-01-19,Perth Airport,24.8
2023-01-20,Perth Airport,27.6
2023-01-21,Perth Airport,25.6
2023-01-22,Perth Airport,22.1
2023-01-23,Perth Airport,21.5
2023-01-24,Perth Airport,29.8
2023-01-25,Perth Airport,21.1
2023-01-26,Perth Airport,22.2
2023-01-27,Perth Airport,21.2
2023-01-28,Perth Airport,24.4
2023-01-29,Perth Airport,30.8
2023-01-30,Perth Airport,27.6
2023-01-31,Perth Airport,26.5
2023-02-01,Perth Airport,21.5
2023-02-02,Perth Airport,13.5
2023-02-03,Perth Airport,27.1
2023-02-04,Perth Airport,29.6
2023-02-05,Perth Airport,29.1
2023-02-06,Perth Airport,24.2
2023-02-07,Perth Airport,28.5
2023-02-08,Perth Airport,21.2
2023-02-09,Perth Airport,27.5
2023-02-10,Perth Airport,27.9
2023-02-11,Perth Airport,22.1
2023-02-12,Perth Airport,28.4
2023-02-13,Perth Airport,29.7
2023-02-14,Perth Airport,30.5
2023-02-15,Perth Airport,30.9
2023-02-16,Perth Airport,27.9
2023-02-17,Perth Airport,29.0
2023-02-18,Perth Airport,26.7
2023-02-19,Perth Airport,13.4
2023-02-20,Perth Airport,30.0
2023-02-21,Perth Airport,24.1
2023-02-22,Perth Airport,29.2
2023-02-23,Perth Airport,24.3
2023-02-24,Perth Airport,29.8
2023-02-25,Perth Airport,21.3
2023-02-26,Perth Airport,25.2
2023-02-27,Perth Airport,24.3
2023-02-28,Perth Airport,22.0
2023-03-01,Perth Airport,19.6
2023-03-02,Perth Airport,23.0
2023-03-03,Perth Airport,24.0
2023-03-04,Perth Airport,23.0
2023-03-05,Perth Airport,14.4
2023-03-06,Perth Airport,31.3
2023-03-07,Perth Airport,15.6
2023-03-08,Perth Airport,18.0
2023-03-09,Perth Airport,18.1
2023-03-10,Perth Airport,19.6
2023-03-11,Perth Airport,17.0
2023-03-12,Perth Airport,19.3
2023-03-13,Perth Airport,14.3
2023-03-14,Perth Airport,14.0
2023-03-15,Perth Airport,18.7
2023-03-16,Perth Airport,15.5
2023-03-17,Perth Airport,17.3
2023-03-18,Perth Airport,14.0
2023-03-19,Perth Airport,17.9
2023-03-20,Perth Airport,17.2
2023-03-21,Perth Airport,15.7
2023-03-22,Perth Airport,21.0
2023-03-23,Perth Airport,21.3
2023-03-24,Perth Airport,18.1
2023-03-25,Perth Airport,18.6
2023-03-26,Perth Airport,19.1
2023-03-27,Perth Airport,19.6
2023-03-28,Perth Airport,16.8
2023-03-29,Perth Airport,21.1
2023-03-30,Perth Airport,20.1
2023-03-31,Perth Airport,20.5
2023-04-01,Perth Airport,21.9
2023-04-02,Perth Airport,17.2
2023-04-03,Perth Airport,15.1
2023-04-04,Perth Airport,19.0
2023-04-05,Perth Airport,20.7
2023-04-06,Perth Airport,19.6
2023-04-07,Perth Airport,19.6
2023-04-08,Perth Airport,22.3
2023-04-09,Perth Airport,22.4
2023-04-10,Perth Airport,20.2
2023-04-11,Perth Airport,14.9
2023-04-12,Perth Airport,22.1
2023-04-13,Perth Airport,15.2
2023-04-14,Perth Airport,23.5
2023-04-15,Perth Airport,17.7
2023-04-16,Perth Airport,22.8
2023-04-17,Perth Airport,14.0
2023-04-18,Perth Airport,21.6
2023-04-19,Perth Airport,14.0
2023-04-20,Perth Airport,17.1
2023-04-21,Perth Airport,20.1
2023-04-22,Perth Airport,14.4
2023-04-23,Perth Airport,15.4
2023-04-24,Perth Airport,14.9
2023-04-25,Perth Airport,14.2
2023-04-26,Perth Airport,16.4
2023-04-27,Perth Airport,16.3
2023-04-28,Perth Airport,17.9
2023-04-29,Perth Airport,19.8
2023-04-30,Perth Airport,18.7
2023-05-01,Perth Airport,14.8
2023-05-02,Perth Airport,14.5
2023-05-03,Perth Airport,22.9
2023-05-04,Perth Airport,4.3
2023-05-05,Perth Airport,19.8
2023-05-06,Perth Airport,23.8
2023-05-07,Perth Airport,22.8
2023-05-08,Perth Airport,21.2
2023-05-09,Perth Airport,15.5
2023-05-10,Perth Airport,23.7
2023-05-11,Perth Airport,20.8
2023-05-12,Perth Airport,16.6
2023-05-13,Perth Airport,21.4
2023-05-14,Perth Airport,18.7
2023-05-15,Perth Airport,14.4
2023-05-16,Perth Airport,19.7
2023-05-17,Perth Airport,24.0
2023-05-18,Perth Airport,16.9
2023-05-19,Perth Airport,20.5
2023-05-20,Perth Airport,17.1
2023-05-21,Perth Airport,16.3
2023-05-22,Perth Airport,19.3
2023-05-23,Perth Airport,21.1
2023-05-24,Perth Airport,18.8
2023-05-25,Perth Airport,22.9
2023-05-26,Perth Airport,22.2
2023-05-27,Perth Airport,22.0
2023-05-28,Perth Airport,33.8
2023-05-29,Perth Airport,15.5
2023-05-30,Perth Airport,18.8
2023-05-31,Perth Airport,22.8
2023-06-01,Perth Airport,8.9
2023-06-02,Perth Airport,16.2
2023-06-03,Perth Airport,20.8
2023-06-04,Perth Airport,9.5
2023-06-05,Perth Airport,17.1
2023-06-06,Perth Airport,11.8
2023-06-07,Perth Airport,13.4
2023-06-08,Perth Airport,8.8
2023-06-09,Perth Airport,10.3
2023-06-10,Perth Airport,12.4
2023-06-11,Perth Airport,11.5
2023-06-12,Perth Airport,12.1
2023-06-13,Perth Airport,17.2
2023-06-14,Perth Airport,13.0
2023-06-15,Perth Airport,10.1
2023-06-16,Perth Airport,11.8
2023-06-17,Perth Airport,10.5
2023-06-18,Perth Airport,27.8
2023-06-19,Perth Airport,11.3
2023-06-20,Perth Airport,14.0
2023-06-21,Perth Airport,12.8
2023-06-22,Perth Airport,14.6
2023-06-23,Perth Airport,8.6
2023-06-24,Perth Airport,17.1
2023-06-25,Perth Airport,16.2
2023-06-26,Perth Airport,16.9
2023-06-27,Perth Airport,11.3
2023-06-28,Perth Airport,13.7
2023-06-29,Perth Airport,-5
2023-06-30,Perth Airport,9.3
2023-07-01,Perth Airport,13.7
2023-07-02,Perth Airport,10.2
2023-07-03,Perth Airport,13.7
2023-07-04,Perth Airport,11.8
2023-07-05,Perth Airport,15.1
2023-07-06,Perth Airport,13.0
2023-07-07,Perth Airport,10.0
2023-07-08,Perth Airport,8.7
2023-07-09,Perth Airport,8.2
2023-07-10,Perth Airport,11.4
2023-07-11,Perth Airport,16.6
2023-07-12,Perth Airport,15.1
2023-07-13,Perth Airport,15.5
2023-07-14,Perth Airport,17.8
2023-07-15,Perth Airport,8.5
2023-07-16,Perth Airport,10.4
2023-07-17,Perth Airport,16.3
2023-07-18,Perth Airport,14.2
2023-07-19,Perth Airport,15.0
2023-07-20,Perth Airport,16.5
2023-07-21,Perth Airport,8.5
2023-07-22,Perth Airport,13.6
2023-07-23,Perth Airport,8.7
2023-07-24,Perth Airport,13.0
2023-07-25,Perth Airport,11.0
2023-07-26,Perth Airport,16.0
2023-07-27,Perth Airport,11.5
2023-07-28,Perth Airport,15.8
2023-07-29,Perth Airport,16.6
2023-07-30,Perth Airport,-3.2
2023-07-31,Perth Airport,8.1
2023-08-01,Perth Airport,16.2
2023-08-02,Perth Airport,12.1
2023-08-03,Perth Airport,13.0
2023-08-04,Perth Airport,8.4
2023-08-05,Perth Airport,16.5
2023-08-06,Perth Airport,17.7
2023-08-07,Perth Airport,11.7
2023-08-08,Perth Airport,17.7
2023-08-09,Perth Airport,9.3
2023-08-10,Perth Airport,14.3
2023-08-11,Perth Airport,16.7
2023-08-12,Perth Airport,16.8
2023-08-13,Perth Airport,16.8
2023-08-14,Perth Airport,30.9
2023-08-15,Perth Airport,12.6
2023-08-16,Perth Airport,17.7
2023-08-17,Perth Airport,17.9
2023-08-18,Perth Airport,9.6
2023-08-19,Perth Airport,26.0
2023-08-20,Perth Airport,16.2
2023-08-21,Perth Airport,10.6
2023-08-22,Perth Airport,12.1
2023-08-23,Perth Airport,12.3
2023-08-24,Perth Airport,15.4
2023-08-25,Perth Airport,10.3
2023-08-26,Perth Airport,14.8
2023-08-27,Perth Airport,12.3
2023-08-28,Perth Airport,15.7
2023-08-29,Perth Airport,8.7
2023-08-30,Perth Airport,8.7
2023-08-31,Perth Airport,14.6
2023-09-01,Perth Airport,17.9
2023-09-02,Perth Airport,25.9
2023-09-03,Perth Airport,18.0
2023-09-04,Perth Airport,24.4
2023-09-05,Perth Airport,16.5
2023-09-06,Perth Airport,19.6
2023-09-07,Perth Airport,19.0
2023-09-08,Perth Airport,21.4
2023-09-09,Perth Airport,22.9
2023-09-10,Perth Airport,22.1
2023-09-11,Perth Airport,19.6
2023-09-12,Perth Airport,21.6
2023-09-13,Perth Airport,16.2
2023-09-14,Perth Airport,18.4
2023-09-15,Perth Airport,23.7
2023-09-16,Perth Airport,21.0
2023-09-17,Perth Airport,25.1
2023-09-18,Perth Airport,30.9
2023-09-19,Perth Airport,24.9
2023-09-20,Perth Airport,24.9
2023-09-21,Perth Airport,23.8
2023-09-22,Perth Airport,19.2
2023-09-23,Perth Airport,20.1
2023-09-24,Perth Airport,25.3
2023-09-25,Perth Airport,22.8
2023-09-26,Perth Airport,20.2
2023-09-27,Perth Airport,20.4
2023-09-28,Perth Airport,22.4
2023-09-29,Perth Airport,22.0
2023-09-30,Perth Airport,20.3
2023-10-01,Perth Airport,22.3
2023-10-02,Perth Airport,21.6
2023-10-03,Perth Airport,21.0
2023-10-04,Perth Airport,20.3
2023-10-05,Perth Airport,20.9
2023-10-06,Perth Airport,21.7
2023-10-07,Perth Airport,22.6
2023-10-08,Perth Airport,20.2
2023-10-09,Perth Airport,19.0
2023-10-10,Perth Airport,20.2
2023-10-11,Perth Airport,23.6
2023-10-12,Perth Airport,16.1
2023-10-13,Perth Airport,18.5
2023-10-14,Perth Airport,21.9
2023-10-15,Perth Airport,24.7
2023-10-16,Perth Airport,19.3
2023-10-17,Perth Airport,20.3
2023-10-18,Perth Airport,17.1
2023-10-19,Perth Airport,21.3
2023-10-20,Perth Airport,24.4
2023-10-21,Perth Airport,16.4
2023-10-22,Perth Airport,20.2
2023-10-23,Perth Airport,21.0
2023-10-24,Perth Airport,27.3
2023-10-25,Perth Airport,25.9
2023-10-26,Perth Airport,23.3
2023-10-27,Perth Airport,24.9
2023-10-28,Perth Airport,21.5
2023-10-29,Perth Airport,21.1
2023-10-30,Perth Airport,20.8
2023-10-31,Perth Airport,22.3
2023-11-01,Perth Airport,19.6
2023-11-02,Perth Airport,22.9
2023-11-03,Perth Airport,19.9
2023-11-04,Perth Airport,19.3
2023-11-05,Perth Airport,17.4
2023-11-06,Perth Airport,19.8
2023-11-07,Perth Airport,17.0
2023-11-08,Perth Airport,16.1
2023-11-09,Perth Airport,23.1
2023-11-10,Perth Airport,25.0
2023-11-11,Perth Airport,22.1
2023-11-12,Perth Airport,21.5
2023-11-13,Perth Airport,16.9
2023-11-14,Perth Airport,21.5
2023-11-15,Perth Airport,22.1
2023-11-16,Perth Airport,24.4
2023-11-17,Perth Airport,21.7
2023-11-18,Perth Airport,24.9
2023-11-19,Perth Airport,24.3
2023-11-20,Perth Airport,22.7
2023-11-21,Perth Airport,19.0
2023-11-22,Perth Airport,19.1
2023-11-23,Perth Airport,22.5
2023-11-24,Perth Airport,20.5
2023-11-25,Perth Airport,19.7
2023-11-26,Perth Airport,17.2
2023-11-27,Perth Airport,25.5
2023-11-28,Perth Airport,25.5
2023-11-29,Perth Airport,22.0
2023-11-30,Perth Airport,16.8
2023-12-01,Perth Airport,24.5
2023-12-02,Perth Airport,27.5
2023-12-03,Perth Airport,22.2
2023-12-04,Perth Airport,21.2
2023-12-05,Perth Airport,30.6
2023-12-06,Perth Airport,28.3
2023-12-07,Perth Airport,27.4
2023-12-08,Perth Airport,35.9
2023-12-09,Perth Airport,26.3
2023-12-10,Perth Airport,26.4
2023-12-11,Perth Airport,30.2
2023-12-12,Perth Airport,30.2
2023-12-13,Perth Airport,26.6
2023-12-14,Perth Airport,29.6
2023-12-15,Perth Airport,24.6
2023-12-16,Perth Airport,36.9
2023-12-17,Perth Airport,21.5
2023-12-18,Perth Airport,24.9
2023-12-19,Perth Airport,22.8
2023-12-20,Perth Airport,22.0
2023-12-21,Perth Airport,29.6
2023-12-22,Perth Airport,24.5
2023-12-23,Perth Airport,26.1
2023-12-24,Perth Airport,25.7
2023-12-25,Perth Airport,28.0
2023-12-26,Perth Airport,24.4
2023-12-27,Perth Airport,27.6
2023-12-28,Perth Airport,21.0
2023-12-29,Perth Airport,28.3
2023-12-30,Perth Airport,21.5
2023-12-31,Perth Airport,21.2
2023-01-01,Adelaide Airport,24.3
2023-01-02,Adelaide Airport,22.2
2023-01-03,Adelaide Airport,25.8
2023-01-04,Adelaide Airport,26.4
2023-01-05,Adelaide Airport,28.0
2023-01-06,Adelaide Airport,22.1
2023-01-07,Adelaide Airport,21.4
2023-01-08,Adelaide Airport,21.7
2023-01-09,Adelaide Airport,24.6
2023-01-10,Adelaide Airport,22.8
2023-01-11,Adelaide Airport,29.2
2023-01-12,Adelaide Airport,27.6
2023-01-13,Adelaide Airport,27.5
2023-01-14,Adelaide Airport,27.3
2023-01-15,Adelaide Airport,30.2
2023-01-16,Adelaide Airport,29.4
2023-01-17,Adelaide Airport,27.6
2023-01-18,Adelaide Airport,28.6
2023-01-19,Adelaide Airport,29.3
2023-01-20,Adelaide Airport,24.3
2023-01-21,Adelaide Airport,25.7
2023-01-22,Adelaide Airport,28.5
2023-01-23,Adelaide Airport,28.5
2023-01-24,Adelaide Airport,29.0
2023-01-25,Adelaide Airport,22.9
2023-01-26,Adelaide Airport,24.5
2023-01-27,Adelaide Airport,21.9
2023-01-28,Adelaide Airport,24.0
2023-01-29,Adelaide Airport,22.1
2023-01-30,Adelaide Airport,30.7
2023-01-31,Adelaide Airport,29.0
2023-02-01,Adelaide Airport,29.4
2023-02-02,Adelaide Airport,23.9
2023-02-03,Adelaide Airport,27.5
2023-02-04,Adelaide Airport,30.9
2023-02-05,Adelaide Airport,22.3
2023-02-06,Adelaide Airport,28.3
2023-02-07,Adelaide Airport,29.3
2023-02-08,Adelaide Airport,26.4
2023-02-09,Adelaide Airport,24.4
2023-02-10,Adelaide Airport,23.5
2023-02-11,Adelaide Airport,19.4
2023-02-12,Adelaide Airport,21.8
2023-02-13,Adelaide Airport,22.0
2023-02-14,Adelaide Airport,24.8
2023-02-15,Adelaide Airport,14.9
2023-02-16,Adelaide Airport,29.3
2023-02-17,Adelaide Airport,25.0
2023-02-18,Adelaide Airport,30.8
2023-02-19,Adelaide Airport,24.0
2023-02-20,Adelaide Airport,26.0
2023-02-21,Adelaide Airport,21.2
2023-02-22,Adelaide Airport,28.9
2023-02-23,Adelaide Airport,24.1
2023-02-24,Adelaide Airport,29.4
2023-02-25,Adelaide Airport,29.7
2023-02-26,Adelaide Airport,12.2
2023-02-27,Adelaide Airport,25.2
2023-02-28,Adelaide Airport,26.1
2023-03-01,Adelaide Airport,20.5
2023-03-02,Adelaide Airport,17.3
2023-03-03,Adelaide Airport,14.4
2023-03-04,Adelaide Airport,18.3
2023-03-05,Adelaide Airport,19.2
2023-03-06,Adelaide Airport,21.5
2023-03-07,Adelaide Airport,17.1
2023-03-08,Adelaide Airport,17.7
2023-03-09,Adelaide Airport,18.5
2023-03-10,Adelaide Airport,23.1
2023-03-11,Adelaide Airport,21.3
2023-03-12,Adelaide Airport,19.1
2023-03-13,Adelaide Airport,16.3
2023-03-14,Adelaide Airport,17.3
2023-03-15,Adelaide Airport,20.0
2023-03-16,Adelaide Airport,21.4
2023-03-17,Adelaide Airport,15.4
2023-03-18,Adelaide Airport,20.2
2023-03-19,Adelaide Airport,16.1
2023-03-20,Adelaide Airport,18.8
2023-03-21,Adelaide Airport,15.6
2023-03-22,Adelaide Airport,19.8
2023-03-23,Adelaide Airport,18.7
2023-03-24,Adelaide Airport,22.7
2023-03-25,Adelaide Airport,16.9
2023-03-26,Adelaide Airport,16.7
2023-03-27,Adelaide Airport,19.3
2023-03-28,Adelaide Airport,23.5
2023-03-29,Adelaide Airport,15.0
2023-03-30,Adelaide Airport,20.8
2023-03-31,Adelaide Airport,21.5
2023-04-01,Adelaide Airport,19.5
2023-04-02,Adelaide Airport,21.5
2023-04-03,Adelaide Airport,21.7
2023-04-04,Adelaide Airport,18.5
2023-04-05,Adelaide Airport,23.0
2023-04-06,Adelaide Airport,16.9
2023-04-07,Adelaide Airport,21.8
2023-04-08,Adelaide Airport,18.2
2023-04-09,Adelaide Airport,19.5
2023-04-10,Adelaide Airport,22.1
2023-04-11,Adelaide Airport,16.7
2023-04-12,Adelaide Airport,20.7
2023-04-13,Adelaide Airport,21.7
2023-04-14,Adelaide Airport,19.1
2023-04-15,Adelaide Airport,14.6
2023-04-16,Adelaide Airport,22.5
2023-04-17,Adelaide Airport,20.1
2023-04-18,Adelaide Airport,14.5
2023-04-19,Adelaide Airport,23.9
2023-04-20,Adelaide Airport,17.0
2023-04-21,Adelaide Airport,20.5
2023-04-22,Adelaide Airport,14.9
2023-04-23,Adelaide Airport,23.2
2023-04-24,Adelaide Airport,18.2
2023-04-25,Adelaide Airport,17.0
2023-04-26,Adelaide Airport,17.1
2023-04-27,Adelaide Airport,7.5
2023-04-28,Adelaide Airport,22.0
2023-04-29,Adelaide Airport,21.1
2023-04-30,Adelaide Airport,15.2
2023-05-01,Adelaide Airport,19.6
2023-05-02,Adelaide Airport,14.9
2023-05-03,Adelaide Airport,23.4
2023-05-04,Adelaide Airport,18.0
2023-05-05,Adelaide Airport,20.2
2023-05-06,Adelaide Airport,23.7
2023-05-07,Adelaide Airport,19.8
2023-05-08,Adelaide Airport,22.1
2023-05-09,Adelaide Airport,19.2
2023-05-10,Adelaide Airport,23.7
2023-05-11,Adelaide Airport,23.6
2023-05-12,Adelaide Airport,17.3
2023-05-13,Adelaide Airport,19.8
2023-05-14,Adelaide Airport,17.3
2023-05-15,Adelaide Airport,17.0
2023-05-16,Adelaide Airport,23.6
2023-05-17,Adelaide Airport,22.8
2023-05-18,Adelaide Airport,18.1
2023-05-19,Adelaide Airport,15.8
2023-05-20,Adelaide Airport,2.7
2023-05-21,Adelaide Airport,17.3
2023-05-22,Adelaide Airport,20.2
2023-05-23,Adelaide Airport,21.6
2023-05-24,Adelaide Airport,22.1
2023-05-25,Adelaide Airport,23.9
2023-05-26,Adelaide Airport,18.1
2023-05-27,Adelaide Airport,18.4
2023-05-28,Adelaide Airport,23.6
2023-05-29,Adelaide Airport,15.2
2023-05-30,Adelaide Airport,21.7
2023-05-31,Adelaide Airport,17.1
2023-06-01,Adelaide Airport,10.8
2023-06-02,Adelaide Airport,10.8
2023-06-03,Adelaide Airport,12.0
2023-06-04,Adelaide Airport,14.9
2023-06-05,Adelaide Airport,17.3
2023-06-06,Adelaide Airport,8.9
2023-06-07,Adelaide Airport,14.4
2023-06-08,Adelaide Airport,19.9
2023-06-09,Adelaide Airport,9.0
2023-06-10,Adelaide Airport,15.5
2023-06-11,Adelaide Airport,12.0
2023-06-12,Adelaide Airport,13.1
2023-06-13,Adelaide Airport,12.2
2023-06-14,Adelaide Airport,13.5
2023-06-15,Adelaide Airport,12.7
2023-06-16,Adelaide Airport,-3.8
2023-06-17,Adelaide Airport,13.8
2023-06-18,Adelaide Airport,15.8
2023-06-19,Adelaide Airport,17.9
2023-06-20,Adelaide Airport,16.5
2023-06-21,Adelaide Airport,17.4
2023-06-22,Adelaide Airport,12.5
2023-06-23,Adelaide Airport,10.2
2023-06-24,Adelaide Airport,14.4
2023-06-25,Adelaide Airport,15.3
2023-06-26,Adelaide Airport,13.2
2023-06-27,Adelaide Airport,15.5
2023-06-28,Adelaide Airport,11.3
2023-06-29,Adelaide Airport,9.4
2023-06-30,Adelaide Airport,17.1
2023-07-01,Adelaide Airport,10.9
2023-07-02,Adelaide Airport,9.6
2023-07-03,Adelaide Airport,16.6
2023-07-04,Adelaide Airport,9.2
2023-07-05,Adelaide Airport,16.6
2023-07-06,Adelaide Airport,17.4
2023-07-07,Adelaide Airport,9.9
2023-07-08,Adelaide Airport,9.6
2023-07-09,Adelaide Airport,11.1
2023-07-10,Adelaide Airport,12.5
2023-07-11,Adelaide Airport,17.9
2023-07-12,Adelaide Airport,8.3
2023-07-13,Adelaide Airport,9.1
2023-07-14,Adelaide Airport,11.7
2023-07-15,Adelaide Airport,16.8
2023-07-16,Adelaide Airport,10.7
2023-07-17,Adelaide Airport,13.4
2023-07-18,Adelaide Airport,10.3
2023-07-19,Adelaide Airport,8.4
2023-07-20,Adelaide Airport,11.3
2023-07-21,Adelaide Airport,16.5
2023-07-22,Adelaide Airport,8.3
2023-07-23,Adelaide Airport,16.2
2023-07-24,Adelaide Airport,14.7
2023-07-25,Adelaide Airport,13.5
2023-07-26,Adelaide Airport,12.9
2023-07-27,Adelaide Airport,8.1
2023-07-28,Adelaide Airport,10.6
2023-07-29,Adelaide Airport,15.3
2023-07-30,Adelaide Airport,17.2
2023-07-31,Adelaide Airport,11.2
2023-08-01,Adelaide Airport,13.0
2023-08-02,Adelaide Airport,14.0
2023-08-03,Adelaide Airport,14.3
2023-08-04,Adelaide Airport,8.9
2023-08-05,Adelaide Airport,15.6
2023-08-06,Adelaide Airport,12.8
2023-08-07,Adelaide Airport,17.0
2023-08-08,Adelaide Airport,15.2
2023-08-09,Adelaide Airport,16.1
2023-08-10,Adelaide Airport,17.1
2023-08-11,Adelaide Airport,26.7
2023-08-12,Adelaide Airport,13.6
2023-08-13,Adelaide Airport,12.0
2023-08-14,Adelaide Airport,11.1
2023-08-15,Adelaide Airport,17.9
2023-08-16,Adelaide Airport,14.6
2023-08-17,Adelaide Airport,15.8
2023-08-18,Adelaide Airport,15.9
2023-08-19,Adelaide Airport,17.1
2023-08-20,Adelaide Airport,15.4
2023-08-21,Adelaide Airport,14.4
2023-08-22,Adelaide Airport,8.5
2023-08-23,Adelaide Airport,13.0
2023-08-24,Adelaide Airport,17.3
2023-08-25,Adelaide Airport,10.5
2023-08-26,Adelaide Airport,16.8
2023-08-27,Adelaide Airport,17.0
2023-08-28,Adelaide Airport,17.0
2023-08-29,Adelaide Airport,17.6
2023-08-30,Adelaide Airport,8.3
2023-08-31,Adelaide Airport,15.1
2023-09-01,Adelaide Airport,24.1
2023-09-02,Adelaide Airport,21.2
2023-09-03,Adelaide Airport,24.7
2023-09-04,Adelaide Airport,19.7
2023-09-05,Adelaide Airport,23.2
2023-09-06,Adelaide Airport,21.6
2023-09-07,Adelaide Airport,19.2
2023-09-08,Adelaide Airport,25.9
2023-09-09,Adelaide Airport,20.5
2023-09-10,Adelaide Airport,20.2
2023-09-11,Adelaide Airport,22.7
2023-09-12,Adelaide Airport,21.5
2023-09-13,Adelaide Airport,17.3
2023-09-14,Adelaide Airport,21.0
2023-09-15,Adelaide Airport,21.6
2023-09-16,Adelaide Airport,21.3
2023-09-17,Adelaide Airport,23.4
2023-09-18,Adelaide Airport,20.4
2023-09-19,Adelaide Airport,18.3
2023-09-20,Adelaide Airport,24.3
2023-09-21,Adelaide Airport,25.3
2023-09-22,Adelaide Airport,17.7
2023-09-23,Adelaide Airport,17.2
2023-09-24,Adelaide Airport,16.6
2023-09-25,Adelaide Airport,18.4
2023-09-26,Adelaide Airport,17.7
2023-09-27,Adelaide Airport,16.9
2023-09-28,Adelaide Airport,19.3
2023-09-29,Adelaide Airport,23.1
2023-09-30,Adelaide Airport,25.2
2023-10-01,Adelaide Airport,24.1
2023-10-02,Adelaide Airport,25.5
2023-10-03,Adelaide Airport,22.5
2023-10-04,Adelaide Airport,21.4
2023-10-05,Adelaide Airport,17.5
2023-10-06,Adelaide Airport,17.6
2023-10-07,Adelaide Airport,22.3
2023-10-08,Adelaide Airport,25.0
2023-10-09,Adelaide Airport,24.4
2023-10-10,Adelaide Airport,21.7
2023-10-11,Adelaide Airport,24.4
2023-10-12,Adelaide Airport,20.6
2023-10-13,Adelaide Airport,24.1
2023-10-14,Adelaide Airport,25.0
2023-10-15,Adelaide Airport,24.7
2023-10-16,Adelaide Airport,12.4
2023-10-17,Adelaide Airport,23.2
2023-10-18,Adelaide Airport,16.0
2023-10-19,Adelaide Airport,24.8
2023-10-20,Adelaide Airport,13.9
2023-10-21,Adelaide Airport,24.8
2023-10-22,Adelaide Airport,18.5
2023-10-23,Adelaide Airport,22.4
2023-10-24,Adelaide Airport,20.5
2023-10-25,Adelaide Airport,20.9
2023-10-26,Adelaide Airport,20.9
2023-10-27,Adelaide Airport,32.7
2023-10-28,Adelaide Airport,22.1
2023-10-29,Adelaide Airport,22.5
2023-10-30,Adelaide Airport,21.3
2023-10-31,Adelaide Airport,18.5
2023-11-01,Adelaide Airport,25.6
2023-11-02,Adelaide Airport,24.4
2023-11-03,Adelaide Airport,21.5
2023-11-04,Adelaide Airport,18.2
2023-11-05,Adelaide Airport,20.7
2023-11-06,Adelaide Airport,23.5
2023-11-07,Adelaide Airport,17.9
2023-11-08,Adelaide Airport,21.2
2023-11-09,Adelaide Airport,18.5
2023-11-10,Adelaide Airport,19.5
2023-11-11,Adelaide Airport,17.3
2023-11-12,Adelaide Airport,24.1
2023-11-13,Adelaide Airport,19.6
2023-11-14,Adelaide Airport,18.3
2023-11-15,Adelaide Airport,19.8
2023-11-16,Adelaide Airport,16.6
2023-11-17,Adelaide Airport,16.1
2023-11-18,Adelaide Airport,21.1
2023-11-19,Adelaide Airport,24.9
2023-11-20,Adelaide Airport,21.3
2023-11-21,Adelaide Airport,16.1
2023-11-22,Adelaide Airport,10.5
2023-11-23,Adelaide Airport,22.0
2023-11-24,Adelaide Airport,18.8
2023-11-25,Adelaide Airport,22.1
2023-11-26,Adelaide Airport,20.3
2023-11-27,Adelaide Airport,21.5
2023-11-28,Adelaide Airport,25.7
2023-11-29,Adelaide Airport,16.4
2023-11-30,Adelaide Airport,28.0
2023-12-01,Adelaide Airport,26.7
2023-12-02,Adelaide Airport,21.4
2023-12-03,Adelaide Airport,24.4
2023-12-04,Adelaide Airport,23.2
2023-12-05,Adelaide Airport,27.4
2023-12-06,Adelaide Airport,21.4
2023-12-07,Adelaide Airport,25.8
2023-12-08,Adelaide Airport,23.0
2023-12-09,Adelaide Airport,26.4
2023-12-10,Adelaide Airport,23.2
2023-12-11,Adelaide Airport,23.4
2023-12-12,Adelaide Airport,25.9
2023-12-13,Adelaide Airport,28.5
2023-12-14,Adelaide Airport,27.2
2023-12-15,Adelaide Airport,24.6
2023-12-16,Adelaide Airport,38.5
2023-12-17,Adelaide Airport,26.2
2023-12-18,Adelaide Airport,35.1
2023-12-19,Adelaide Airport,22.7
2023-12-20,Adelaide Airport,39.6
2023-12-21,Adelaide Airport,30.6
2023-12-22,Adelaide Airport,26.5
2023-12-23,Adelaide Airport,29.1
2023-12-24,Adelaide Airport,22.2
2023-12-25,Adelaide Airport,22.2
2023-12-26,Adelaide Airport,24.3
2023-12-27,Adelaide Airport,30.5
2023-12-28,Adelaide Airport,30.1
2023-12-29,Adelaide Airport,19.2
2023-12-30,Adelaide Airport,25.4
2023-12-31,Adelaide Airport,25.5
2023-01-01,Darwin Airport,28.9
2023-01-02,Darwin Airport,28.1
2023-01-03,Darwin Airport,39.4
2023-01-04,Darwin Airport,33.4
2023-01-05,Darwin Airport,34.9
2023-01-06,Darwin Airport,33.7
2023-01-07,Darwin Airport,27.8
2023-01-08,Darwin Airport,31.8
2023-01-09,Darwin Airport,28.9
2023-01-10,Darwin Airport,30.0
2023-01-11,Darwin Airport,31.0
2023-01-12,Darwin Airport,35.6
2023-01-13,Darwin Airport,34.3
2023-01-14,Darwin Airport,29.6
2023-01-15,Darwin Airport,30.0
2023-01-16,Darwin Airport,31.4
2023-01-17,Darwin Airport,33.4
2023-01-18,Darwin Airport,36.6
2023-01-19,Darwin Airport,31.5
2023-01-20,Darwin Airport,32.6
2023-01-21,Darwin Airport,34.5
2023-01-22,Darwin Airport,30.3
2023-01-23,Darwin Airport,31.7
2023-01-24,Darwin Airport,27.5
2023-01-25,Darwin Airport,30.9
2023-01-26,Darwin Airport,31.8
2023-01-27,Darwin Airport,34.0
2023-01-28,Darwin Airport,27.8
2023-01-29,Darwin Airport,33.5
2023-01-30,Darwin Airport,31.1
2023-01-31,Darwin Airport,28.5
2023-02-01,Darwin Airport,30.2
2023-02-02,Darwin Airport,31.9
2023-02-03,Darwin Airport,37.0
2023-02-04,Darwin Airport,27.7
2023-02-05,Darwin Airport,34.2
2023-02-06,Darwin Airport,19.9
2023-02-07,Darwin Airport,30.9
2023-02-08,Darwin Airport,30.2
2023-02-09,Darwin Airport,36.1
2023-02-10,Darwin Airport,32.4
2023-02-11,Darwin Airport,36.1
2023-02-12,Darwin Airport,28.2
2023-02-13,Darwin Airport,33.8
2023-02-14,Darwin Airport,35.9
2023-02-15,Darwin Airport,31.6
2023-02-16,Darwin Airport,33.7
2023-02-17,Darwin Airport,35.4
2023-02-18,Darwin Airport,36.3
2023-02-19,Darwin Airport,28.9
2023-02-20,Darwin Airport,29.1
2023-02-21,Darwin Airport,28.3
2023-02-22,Darwin Airport,29.0
2023-02-23,Darwin Airport,33.1
2023-02-24,Darwin Airport,36.1
2023-02-25,Darwin Airport,28.8
2023-02-26,Darwin Airport,36.2
2023-02-27,Darwin Airport,34.6
2023-02-28,Darwin Airport,34.8
2023-03-01,Darwin Airport,27.1
2023-03-02,Darwin Airport,28.6
2023-03-03,Darwin Airport,31.6
2023-03-04,Darwin Airport,31.5
2023-03-05,Darwin Airport,27.1
2023-03-06,Darwin Airport,27.2
2023-03-07,Darwin Airport,25.6
2023-03-08,Darwin Airport,28.3
2023-03-09,Darwin Airport,30.5
2023-03-10,Darwin Airport,27.3
2023-03-11,Darwin Airport,34.1
2023-03-12,Darwin Airport,30.0
2023-03-13,Darwin Airport,29.2
2023-03-14,Darwin Airport,25.7
2023-03-15,Darwin Airport,31.0
2023-03-16,Darwin Airport,34.1
2023-03-17,Darwin Airport,29.1
2023-03-18,Darwin Airport,33.7
2023-03-19,Darwin Airport,44.2
2023-03-20,Darwin Airport,30.0
2023-03-21,Darwin Airport,26.6
2023-03-22,Darwin Airport,27.5
2023-03-23,Darwin Airport,26.1
2023-03-24,Darwin Airport,30.5
2023-03-25,Darwin Airport,25.8
2023-03-26,Darwin Airport,28.6
2023-03-27,Darwin Airport,33.5
2023-03-28,Darwin Airport,41.6
2023-03-29,Darwin Airport,30.9
2023-03-30,Darwin Airport,25.9
2023-03-31,Darwin Airport,34.0
2023-04-01,Darwin Airport,27.7
2023-04-02,Darwin Airport,34.2
2023-04-03,Darwin Airport,28.9
2023-04-04,Darwin Airport,26.7
2023-04-05,Darwin Airport,33.7
2023-04-06,Darwin Airport,30.3
2023-04-07,Darwin Airport,32.5
2023-04-08,Darwin Airport,33.1
2023-04-09,Darwin Airport,32.7
2023-04-10,Darwin Airport,28.9
2023-04-11,Darwin Airport,29.9
2023-04-12,Darwin Airport,34.3
2023-04-13,Darwin Airport,31.0
2023-04-14,Darwin Airport,25.6
2023-04-15,Darwin Airport,32.1
2023-04-16,Darwin Airport,29.6
2023-04-17,Darwin Airport,30.3
2023-04-18,Darwin Airport,30.5
2023-04-19,Darwin Airport,25.9
2023-04-20,Darwin Airport,29.7
2023-04-21,Darwin Airport,26.6
2023-04-22,Darwin Airport,25.2
2023-04-23,Darwin Airport,33.1
2023-04-24,Darwin Airport,29.8
2023-04-25,Darwin Airport,28.2
2023-04-26,Darwin Airport,32.2
2023-04-27,Darwin Airport,29.1
2023-04-28,Darwin Airport,27.7
2023-04-29,Darwin Airport,31.0
2023-04-30,Darwin Airport,31.1
2023-05-01,Darwin Airport,29.4
2023-05-02,Darwin Airport,26.6
2023-05-03,Darwin Airport,34.7
2023-05-04,Darwin Airport,32.5
2023-05-05,Darwin Airport,28.7
2023-05-06,Darwin Airport,25.9
2023-05-07,Darwin Airport,28.3
2023-05-08,Darwin Airport,28.7
2023-05-09,Darwin Airport,33.0
2023-05-10,Darwin Airport,26.8
2023-05-11,Darwin Airport,32.2
2023-05-12,Darwin Airport,33.5
2023-05-13,Darwin Airport,32.8
2023-05-14,Darwin Airport,32.3
2023-05-15,Darwin Airport,31.6
2023-05-16,Darwin Airport,32.0
2023-05-17,Darwin Airport,34.6
2023-05-18,Darwin Airport,30.3
2023-05-19,Darwin Airport,28.4
2023-05-20,Darwin Airport,31.1
2023-05-21,Darwin Airport,32.7
2023-05-22,Darwin Airport,28.0
2023-05-23,Darwin Airport,27.1
2023-05-24,Darwin Airport,33.5
2023-05-25,Darwin Airport,26.9
2023-05-26,Darwin Airport,26.0
2023-05-27,Darwin Airport,28.6
2023-05-28,Darwin Airport,26.5
2023-05-29,Darwin Airport,33.8
2023-05-30,Darwin Airport,29.7
2023-05-31,Darwin Airport,27.2
2023-06-01,Darwin Airport,31.1
2023-06-02,Darwin Airport,31.9
2023-06-03,Darwin Airport,24.4
2023-06-04,Darwin Airport,29.2
2023-06-05,Darwin Airport,26.0
2023-06-06,Darwin Airport,28.9
2023-06-07,Darwin Airport,27.1
2023-06-08,Darwin Airport,24.5
2023-06-09,Darwin Airport,24.4
2023-06-10,Darwin Airport,30.8
2023-06-11,Darwin Airport,23.2
2023-06-12,Darwin Airport,29.5
2023-06-13,Darwin Airport,30.6
2023-06-14,Darwin Airport,31.0
2023-06-15,Darwin Airport,25.3
2023-06-16,Darwin Airport,31.9
2023-06-17,Darwin Airport,32.0
2023-06-18,Darwin Airport,28.0
2023-06-19,Darwin Airport,25.5
2023-06-20,Darwin Airport,23.5
2023-06-21,Darwin Airport,32.8
2023-06-22,Darwin Airport,28.5
2023-06-23,Darwin Airport,31.1
2023-06-24,Darwin Airport,23.7
2023-06-25,Darwin Airport,32.2
2023-06-26,Darwin Airport,31.9
2023-06-27,Darwin Airport,29.8
2023-06-28,Darwin Airport,27.2
2023-06-29,Darwin Airport,23.8
2023-06-30,Darwin Airport,26.5
2023-07-01,Darwin Airport,27.0
2023-07-02,Darwin Airport,25.9
2023-07-03,Darwin Airport,25.7
2023-07-04,Darwin Airport,28.3
2023-07-05,Darwin Airport,32.6
2023-07-06,Darwin Airport,32.7
2023-07-07,Darwin Airport,27.3
2023-07-08,Darwin Airport,29.2
2023-07-09,Darwin Airport,30.8
2023-07-10,Darwin Airport,29.6
2023-07-11,Darwin Airport,24.6
2023-07-12,Darwin Airport,31.2
2023-07-13,Darwin Airport,25.6
2023-07-14,Darwin Airport,41.1
2023-07-15,Darwin Airport,32.6
2023-07-16,Darwin Airport,25.1
2023-07-17,Darwin Airport,27.0
2023-07-18,Darwin Airport,29.7
2023-07-19,Darwin Airport,32.6
2023-07-20,Darwin Airport,32.7
2023-07-21,Darwin Airport,26.3
2023-07-22,Darwin Airport,31.6
2023-07-23,Darwin Airport,28.0
2023-07-24,Darwin Airport,28.3
2023-07-25,Darwin Airport,23.0
2023-07-26,Darwin Airport,26.0
2023-07-27,Darwin Airport,29.8
2023-07-28,Darwin Airport,32.5
2023-07-29,Darwin Airport,28.4
2023-07-30,Darwin Airport,32.8
2023-07-31,Darwin Airport,30.2
2023-08-01,Darwin Airport,26.5
2023-08-02,Darwin Airport,29.2
2023-08-03,Darwin Airport,26.2
2023-08-04,Darwin Airport,32.6
2023-08-05,Darwin Airport,30.7
2023-08-06,Darwin Airport,30.4
2023-08-07,Darwin Airport,32.7
2023-08-08,Darwin Airport,24.2
2023-08-09,Darwin Airport,29.4
2023-08-10,Darwin Airport,23.6
2023-08-11,Darwin Airport,24.2
2023-08-12,Darwin Airport,29.4
2023-08-13,Darwin Airport,23.7
2023-08-14,Darwin Airport,26.0
2023-08-15,Darwin Airport,28.8
2023-08-16,Darwin Airport,25.9
2023-08-17,Darwin Airport,30.5
2023-08-18,Darwin Airport,23.8
2023-08-19,Darwin Airport,31.2
2023-08-20,Darwin Airport,25.1
2023-08-21,Darwin Airport,25.2
2023-08-22,Darwin Airport,27.8
2023-08-23,Darwin Airport,28.9
2023-08-24,Darwin Airport,29.7
2023-08-25,Darwin Airport,27.1
2023-08-26,Darwin Airport,29.7
2023-08-27,Darwin Airport,28.9
2023-08-28,Darwin Airport,25.0
2023-08-29,Darwin Airport,27.3
2023-08-30,Darwin Airport,23.4
2023-08-31,Darwin Airport,24.2
2023-09-01,Darwin Airport,26.4
2023-09-02,Darwin Airport,29.9
2023-09-03,Darwin Airport,27.6
2023-09-04,Darwin Airport,39.3
2023-09-05,Darwin Airport,33.8
2023-09-06,Darwin Airport,32.5
2023-09-07,Darwin Airport,30.9
2023-09-08,Darwin Airport,29.7
2023-09-09,Darwin Airport,26.5
2023-09-10,Darwin Airport,26.9
2023-09-11,Darwin Airport,14.6
2023-09-12,Darwin Airport,27.8
2023-09-13,Darwin Airport,26.8
2023-09-14,Darwin Airport,32.5
2023-09-15,Darwin Airport,31.7
2023-09-16,Darwin Airport,27.6
2023-09-17,Darwin Airport,32.8
2023-09-18,Darwin Airport,26.4
2023-09-19,Darwin Airport,33.4
2023-09-20,Darwin Airport,31.0
2023-09-21,Darwin Airport,26.6
2023-09-22,Darwin Airport,27.9
2023-09-23,Darwin Airport,35.8
2023-09-24,Darwin Airport,29.0
2023-09-25,Darwin Airport,31.4
2023-09-26,Darwin Airport,35.0
2023-09-27,Darwin Airport,30.9
2023-09-28,Darwin Airport,35.2
2023-09-29,Darwin Airport,28.9
2023-09-30,Darwin Airport,33.6
2023-10-01,Darwin Airport,29.1
2023-10-02,Darwin Airport,30.4
2023-10-03,Darwin Airport,31.9
2023-10-04,Darwin Airport,31.5
2023-10-05,Darwin Airport,27.0
2023-10-06,Darwin Airport,42.6
2023-10-07,Darwin Airport,35.4
2023-10-08,Darwin Airport,26.9
2023-10-09,Darwin Airport,30.9
2023-10-10,Darwin Airport,35.8
2023-10-11,Darwin Airport,30.5
2023-10-12,Darwin Airport,32.1
2023-10-13,Darwin Airport,26.5
2023-10-14,Darwin Airport,32.2
2023-10-15,Darwin Airport,26.8
2023-10-16,Darwin Airport,28.9
2023-10-17,Darwin Airport,25.1
2023-10-18,Darwin Airport,29.2
2023-10-19,Darwin Airport,35.2
2023-10-20,Darwin Airport,27.7
2023-10-21,Darwin Airport,30.9
2023-10-22,Darwin Airport,30.0
2023-10-23,Darwin Airport,26.7
2023-10-24,Darwin Airport,32.9
2023-10-25,Darwin Airport,28.2
2023-10-26,Darwin Airport,28.4
2023-10-27,Darwin Airport,27.9
2023-10-28,Darwin Airport,29.9
2023-10-29,Darwin Airport,29.9
2023-10-30,Darwin Airport,27.5
2023-10-31,Darwin Airport,30.4
2023-11-01,Darwin Airport,31.2
2023-11-02,Darwin Airport,31.8
2023-11-03,Darwin Airport,33.6
2023-11-04,Darwin Airport,32.8
2023-11-05,Darwin Airport,29.0
2023-11-06,Darwin Airport,31.1
2023-11-07,Darwin Airport,32.5
2023-11-08,Darwin Airport,45
2023-11-09,Darwin Airport,34.9
2023-11-10,Darwin Airport,32.2
2023-11-11,Darwin Airport,27.6
2023-11-12,Darwin Airport,27.2
2023-11-13,Darwin Airport,29.1
2023-11-14,Darwin Airport,31.5
2023-11-15,Darwin Airport,27.7
2023-11-16,Darwin Airport,33.1
2023-11-17,Darwin Airport,27.7
2023-11-18,Darwin Airport,35.5
2023-11-19,Darwin Airport,32.2
2023-11-20,Darwin Airport,34.2
2023-11-21,Darwin Airport,33.2
2023-11-22,Darwin Airport,27.7
2023-11-23,Darwin Airport,31.7
2023-11-24,Darwin Airport,29.2
2023-11-25,Darwin Airport,32.8
2023-11-26,Darwin Airport,34.4
2023-11-27,Darwin Airport,32.0
2023-11-28,Darwin Airport,30.4
2023-11-29,Darwin Airport,27.7
2023-11-30,Darwin Airport,27.4
2023-12-01,Darwin Airport,34.2
2023-12-02,Darwin Airport,29.0
2023-12-03,Darwin Airport,27.6
2023-12-04,Darwin Airport,33.4
2023-12-05,Darwin Airport,33.6
2023-12-06,Darwin Airport,31.7
2023-12-07,Darwin Airport,29.6
2023-12-08,Darwin Airport,13.5
2023-12-09,Darwin Airport,36.1
2023-12-10,Darwin Airport,29.9
2023-12-11,Darwin Airport,32.1
2023-12-12,Darwin Airport,28.5
2023-12-13,Darwin Airport,31.5
2023-12-14,Darwin Airport,35.7
2023-12-15,Darwin Airport,31.6
2023-12-16,Darwin Airport,29.9
2023-12-17,Darwin Airport,33.9
2023-12-18,Darwin Airport,29.1
2023-12-19,Darwin Airport,28.9
2023-12-20,Darwin Airport,36.6
2023-12-21,Darwin Airport,30.5
2023-12-22,Darwin Airport,31.6
2023-12-23,Darwin Airport,36.9
2023-12-24,Darwin Airport,36.2
2023-12-25,Darwin Airport,27.0
2023-12-26,Darwin Airport,36.4
2023-12-27,Darwin Airport,31.9
2023-12-28,Darwin Airport,31.1
2023-12-29,Darwin Airport,31.8
2023-12-30,Darwin Airport,30.3
2023-12-31,Darwin Airport,31.7
2023-01-01,Hobart Airport,27.9
2023-01-02,Hobart Airport,20.8
2023-01-03,Hobart Airport,40.5
2023-01-04,Hobart Airport,27.3
2023-01-05,Hobart Airport,26.2
2023-01-06,Hobart Airport,26.4
2023-01-07,Hobart Airport,29.0
2023-01-08,Hobart Airport,28.7
2023-01-09,Hobart Airport,29.5
2023-01-10,Hobart Airport,26.3
2023-01-11,Hobart Airport,25.8
2023-01-12,Hobart Airport,27.6
2023-01-13,Hobart Airport,20.6
2023-01-14,Hobart Airport,29.5
2023-01-15,Hobart Airport,20.7
2023-01-16,Hobart Airport,28.3
2023-01-17,Hobart Airport,22.9
2023-01-18,Hobart Airport,27.2
2023-01-19,Hobart Airport,25.2
2023-01-20,Hobart Airport,22.7
2023-01-21,Hobart Airport,25.4
2023-01-22,Hobart Airport,25.4
2023-01-23,Hobart Airport,22.6
2023-01-24,Hobart Airport,26.3
2023-01-25,Hobart Airport,23.5
2023-01-26,Hobart Airport,29.8
2023-01-27,Hobart Airport,28.0
2023-01-28,Hobart Airport,22.5
2023-01-29,Hobart Airport,29.9
2023-01-30,Hobart Airport,24.9
2023-01-31,Hobart Airport,21.2
2023-02-01,Hobart Airport,28.2
2023-02-02,Hobart Airport,20.4
2023-02-03,Hobart Airport,20.8
2023-02-04,Hobart Airport,22.5
2023-02-05,Hobart Airport,20.7
2023-02-06,Hobart Airport,28.8
2023-02-07,Hobart Airport,28.3
2023-02-08,Hobart Airport,21.3
2023-02-09,Hobart Airport,23.2
2023-02-10,Hobart Airport,26.5
2023-02-11,Hobart Airport,25.4
2023-02-12,Hobart Airport,29.9
2023-02-13,Hobart Airport,15.6
2023-02-14,Hobart Airport,23.5
2023-02-15,Hobart Airport,20.3
2023-02-16,Hobart Airport,23.9
2023-02-17,Hobart Airport,28.8
2023-02-18,Hobart Airport,22.1
2023-02-19,Hobart Airport,22.7
2023-02-20,Hobart Airport,27.2
2023-02-21,Hobart Airport,21.5
2023-02-22,Hobart Airport,27.9
2023-02-23,Hobart Airport,7.1
2023-02-24,Hobart Airport,25.9
2023-02-25,Hobart Airport,22.7
2023-02-26,Hobart Airport,26.2
2023-02-27,Hobart Airport,24.4
2023-02-28,Hobart Airport,22.7
2023-03-01,Hobart Airport,18.2
2023-03-02,Hobart Airport,14.7
2023-03-03,Hobart Airport,19.5
2023-03-04,Hobart Airport,22.1
2023-03-05,Hobart Airport,17.3
2023-03-06,Hobart Airport,15.5
2023-03-07,Hobart Airport,18.8
2023-03-08,Hobart Airport,21.8
2023-03-09,Hobart Airport,21.1
2023-03-10,Hobart Airport,14.5
2023-03-11,Hobart Airport,22.4
2023-03-12,Hobart Airport,16.9
2023-03-13,Hobart Airport,22.1
2023-03-14,Hobart Airport,19.7
2023-03-15,Hobart Airport,22.8
2023-03-16,Hobart Airport,17.8
2023-03-17,Hobart Airport,17.8
2023-03-18,Hobart Airport,15.8
2023-03-19,Hobart Airport,15.3
2023-03-20,Hobart Airport,20.6
2023-03-21,Hobart Airport,19.2
2023-03-22,Hobart Airport,20.7
2023-03-23,Hobart Airport,18.6
2023-03-24,Hobart Airport,15.2
2023-03-25,Hobart Airport,19.4
2023-03-26,Hobart Airport,18.3
2023-03-27,Hobart Airport,17.9
2023-03-28,Hobart Airport,5.4
2023-03-29,Hobart Airport,21.1
2023-03-30,Hobart Airport,18.6
2023-03-31,Hobart Airport,16.3
2023-04-01,Hobart Airport,20.0
2023-04-02,Hobart Airport,22.1
2023-04-03,Hobart Airport,17.1
2023-04-04,Hobart Airport,18.4
2023-04-05,Hobart Airport,18.5
2023-04-06,Hobart Airport,22.7
2023-04-07,Hobart Airport,17.5
2023-04-08,Hobart Airport,15.2
2023-04-09,Hobart Airport,16.5
2023-04-10,Hobart Airport,21.3
2023-04-11,Hobart Airport,18.0
2023-04-12,Hobart Airport,11.2
2023-04-13,Hobart Airport,13.1
2023-04-14,Hobart Airport,19.0
2023-04-15,Hobart Airport,13.3
2023-04-16,Hobart Airport,22.1
2023-04-17,Hobart Airport,19.9
2023-04-18,Hobart Airport,20.5
2023-04-19,Hobart Airport,21.1
2023-04-20,Hobart Airport,15.9
2023-04-21,Hobart Airport,22.1
2023-04-22,Hobart Airport,22.5
2023-04-23,Hobart Airport,22.5
2023-04-24,Hobart Airport,19.5
2023-04-25,Hobart Airport,16.4
2023-04-26,Hobart Airport,29.4
2023-04-27,Hobart Airport,22.7
2023-04-28,Hobart Airport,21.2
2023-04-29,Hobart Airport,16.0
2023-04-30,Hobart Airport,20.0
2023-05-01,Hobart Airport,22.3
2023-05-02,Hobart Airport,13.5
2023-05-03,Hobart Airport,22.5
2023-05-04,Hobart Airport,32.1
2023-05-05,Hobart Airport,21.1
2023-05-06,Hobart Airport,14.3
2023-05-07,Hobart Airport,15.5
2023-05-08,Hobart Airport,15.4
2023-05-09,Hobart Airport,21.4
2023-05-10,Hobart Airport,16.2
2023-05-11,Hobart Airport,20.5
2023-05-12,Hobart Airport,15.5
2023-05-13,Hobart Airport,19.4
2023-05-14,Hobart Airport,15.5
2023-05-15,Hobart Airport,15.2
2023-05-16,Hobart Airport,22.0
2023-05-17,Hobart Airport,14.5
2023-05-18,Hobart Airport,15.7
2023-05-19,Hobart Airport,17.1
2023-05-20,Hobart Airport,16.2
2023-05-21,Hobart Airport,17.6
2023-05-22,Hobart Airport,20.1
2023-05-23,Hobart Airport,19.7
2023-05-24,Hobart Airport,13.1
2023-05-25,Hobart Airport,20.3
2023-05-26,Hobart Airport,5.7
2023-05-27,Hobart Airport,8.3
2023-05-28,Hobart Airport,14.4
2023-05-29,Hobart Airport,19.2
2023-05-30,Hobart Airport,13.7
2023-05-31,Hobart Airport,16.2
2023-06-01,Hobart Airport,8.0
2023-06-02,Hobart Airport,16.9
2023-06-03,Hobart Airport,8.2
2023-06-04,Hobart Airport,12.3
2023-06-05,Hobart Airport,8.4
2023-06-06,Hobart Airport,7.2
2023-06-07,Hobart Airport,9.5
2023-06-08,Hobart Airport,7.3
2023-06-09,Hobart Airport,16.5
2023-06-10,Hobart Airport,11.5
2023-06-11,Hobart Airport,15.7
2023-06-12,Hobart Airport,15.6
2023-06-13,Hobart Airport,9.8
2023-06-14,Hobart Airport,29.0
2023-06-15,Hobart Airport,9.0
2023-06-16,Hobart Airport,10.9
2023-06-17,Hobart Airport,16.9
2023-06-18,Hobart Airport,14.8
2023-06-19,Hobart Airport,7.1
2023-06-20,Hobart Airport,10.7
2023-06-21,Hobart Airport,16.9
2023-06-22,Hobart Airport,13.1
2023-06-23,Hobart Airport,9.0
2023-06-24,Hobart Airport,9.7
2023-06-25,Hobart Airport,8.7
2023-06-26,Hobart Airport,15.2
2023-06-27,Hobart Airport,9.7
2023-06-28,Hobart Airport,16.0
2023-06-29,Hobart Airport,7.1
2023-06-30,Hobart Airport,7.1
2023-07-01,Hobart Airport,15.1
2023-07-02,Hobart Airport,13.9
2023-07-03,Hobart Airport,11.4
2023-07-04,Hobart Airport,13.5
2023-07-05,Hobart Airport,14.5
2023-07-06,Hobart Airport,12.0
2023-07-07,Hobart Airport,-1.2
2023-07-08,Hobart Airport,23.2
2023-07-09,Hobart Airport,15.7
2023-07-10,Hobart Airport,12.7
2023-07-11,Hobart Airport,15.5
2023-07-12,Hobart Airport,12.8
2023-07-13,Hobart Airport,13.1
2023-07-14,Hobart Airport,10.5
2023-07-15,Hobart Airport,16.6
2023-07-16,Hobart Airport,14.8
2023-07-17,Hobart Airport,12.3
2023-07-18,Hobart Airport,15.0
2023-07-19,Hobart Airport,7.4
2023-07-20,Hobart Airport,8.0
2023-07-21,Hobart Airport,13.9
2023-07-22,Hobart Airport,16.1
2023-07-23,Hobart Airport,7.4
2023-07-24,Hobart Airport,7.5
2023-07-25,Hobart Airport,11.2
2023-07-26,Hobart Airport,15.8
2023-07-27,Hobart Airport,13.3
2023-07-28,Hobart Airport,9.4
2023-07-29,Hobart Airport,7.7
2023-07-30,Hobart Airport,14.6
2023-07-31,Hobart Airport,9.4
2023-08-01,Hobart Airport,13.6
2023-08-02,Hobart Airport,11.6
2023-08-03,Hobart Airport,11.0
2023-08-04,Hobart Airport,12.5
2023-08-05,Hobart Airport,8.1
2023-08-06,Hobart Airport,7.2
2023-08-07,Hobart Airport,16.3
2023-08-08,Hobart Airport,14.9
2023-08-09,Hobart Airport,9.3
2023-08-10,Hobart Airport,13.3
2023-08-11,Hobart Airport,7.7
2023-08-12,Hobart Airport,12.3
2023-08-13,Hobart Airport,7.7
2023-08-14,Hobart Airport,14.2
2023-08-15,Hobart Airport,7.8
2023-08-16,Hobart Airport,7.5
2023-08-17,Hobart Airport,11.9
2023-08-18,Hobart Airport,9.6
2023-08-19,Hobart Airport,9.0
2023-08-20,Hobart Airport,9.1
2023-08-21,Hobart Airport,11.7
2023-08-22,Hobart Airport,15.9
2023-08-23,Hobart Airport,9.2
2023-08-24,Hobart Airport,13.3
2023-08-25,Hobart Airport,9.8
2023-08-26,Hobart Airport,16.0
2023-08-27,Hobart Airport,10.0
2023-08-28,Hobart Airport,10.1
2023-08-29,Hobart Airport,16.5
2023-08-30,Hobart Airport,12.9
2023-08-31,Hobart Airport,13.6
2023-09-01,Hobart Airport,24.1
2023-09-02,Hobart Airport,18.8
2023-09-03,Hobart Airport,21.3
2023-09-04,Hobart Airport,22.2
2023-09-05,Hobart Airport,24.7
2023-09-06,Hobart Airport,22.0
2023-09-07,Hobart Airport,18.1
2023-09-08,Hobart Airport,24.6
2023-09-09,Hobart Airport,22.3
2023-09-10,Hobart Airport,21.9
2023-09-11,Hobart Airport,19.4
2023-09-12,Hobart Airport,16.2
2023-09-13,Hobart Airport,22.5
2023-09-14,Hobart Airport,24.7
2023-09-15,Hobart Airport,18.5
2023-09-16,Hobart Airport,23.1
2023-09-17,Hobart Airport,19.2
2023-09-18,Hobart Airport,16.3
2023-09-19,Hobart Airport,24.4
2023-09-20,Hobart Airport,16.9
2023-09-21,Hobart Airport,22.2
2023-09-22,Hobart Airport,16.3
2023-09-23,Hobart Airport,23.7
2023-09-24,Hobart Airport,15.4
2023-09-25,Hobart Airport,3.2
2023-09-26,Hobart Airport,17.7
2023-09-27,Hobart Airport,18.9
2023-09-28,Hobart Airport,23.8
2023-09-29,Hobart Airport,7.0
2023-09-30,Hobart Airport,33.5
2023-10-01,Hobart Airport,16.4
2023-10-02,Hobart Airport,32.3
2023-10-03,Hobart Airport,17.1
2023-10-04,Hobart Airport,20.0
2023-10-05,Hobart Airport,19.3
2023-10-06,Hobart Airport,22.3
2023-10-07,Hobart Airport,15.4
2023-10-08,Hobart Airport,21.5
2023-10-09,Hobart Airport,18.8
2023-10-10,Hobart Airport,16.8
2023-10-11,Hobart Airport,20.2
2023-10-12,Hobart Airport,24.3
2023-10-13,Hobart Airport,21.7
2023-10-14,Hobart Airport,22.7
2023-10-15,Hobart Airport,15.8
2023-10-16,Hobart Airport,19.5
2023-10-17,Hobart Airport,20.0
2023-10-18,Hobart Airport,24.0
2023-10-19,Hobart Airport,16.7
2023-10-20,Hobart Airport,18.1
2023-10-21,Hobart Airport,18.4
2023-10-22,Hobart Airport,16.5
2023-10-23,Hobart Airport,24.9
2023-10-24,Hobart Airport,15.2
2023-10-25,Hobart Airport,23.7
2023-10-26,Hobart Airport,16.7
2023-10-27,Hobart Airport,21.2
2023-10-28,Hobart Airport,17.6
2023-10-29,Hobart Airport,23.5
2023-10-30,Hobart Airport,22.1
2023-10-31,Hobart Airport,4.8
2023-11-01,Hobart Airport,20.2
2023-11-02,Hobart Airport,21.2
2023-11-03,Hobart Airport,11.7
2023-11-04,Hobart Airport,20.9
2023-11-05,Hobart Airport,22.0
2023-11-06,Hobart Airport,19.2
2023-11-07,Hobart Airport,4.3
2023-11-08,Hobart Airport,18.6
2023-11-09,Hobart Airport,15.8
2023-11-10,Hobart Airport,22.1
2023-11-11,Hobart Airport,18.9
2023-11-12,Hobart Airport,23.4
2023-11-13,Hobart Airport,20.3
2023-11-14,Hobart Airport,21.7
2023-11-15,Hobart Airport,20.9
2023-11-16,Hobart Airport,24.0
2023-11-17,Hobart Airport,17.7
2023-11-18,Hobart Airport,24.0
2023-11-19,Hobart Airport,21.7
2023-11-20,Hobart Airport,19.3
2023-11-21,Hobart Airport,17.9
2023-11-22,Hobart Airport,23.6
2023-11-23,Hobart Airport,16.7
2023-11-24,Hobart Airport,19.6
2023-11-25,Hobart Airport,20.2
2023-11-26,Hobart Airport,17.7
2023-11-27,Hobart Airport,17.7
2023-11-28,Hobart Airport,18.8
2023-11-29,Hobart Airport,17.3
2023-11-30,Hobart Airport,19.8
2023-12-01,Hobart Airport,20.8
2023-12-02,Hobart Airport,25.2
2023-12-03,Hobart Airport,26.8
2023-12-04,Hobart Airport,20.2
2023-12-05,Hobart Airport,26.5
2023-12-06,Hobart Airport,24.3
2023-12-07,Hobart Airport,24.3
2023-12-08,Hobart Airport,29.7
2023-12-09,Hobart Airport,30.0
2023-12-10,Hobart Airport,22.7
2023-12-11,Hobart Airport,20.4
2023-12-12,Hobart Airport,23.7
2023-12-13,Hobart Airport,26.4
2023-12-14,Hobart Airport,32.4
2023-12-15,Hobart Airport,27.9
2023-12-16,Hobart Airport,21.5
2023-12-17,Hobart Airport,29.3
2023-12-18,Hobart Airport,29.4
2023-12-19,Hobart Airport,25.5
2023-12-20,Hobart Airport,26.1
2023-12-21,Hobart Airport,26.8
2023-12-22,Hobart Airport,29.4
2023-12-23,Hobart Airport,20.9
2023-12-24,Hobart Airport,24.3
2023-12-25,Hobart Airport,24.6
2023-12-26,Hobart Airport,20.3
2023-12-27,Hobart Airport,20.7
2023-12-28,Hobart Airport,21.7
2023-12-29,Hobart Airport,27.9
2023-12-30,Hobart Airport,22.2
2023-12-31,Hobart Airport,22.2
2023-01-01,Alice Springs,30.4
2023-01-02,Alice Springs,39.9
2023-01-03,Alice Springs,37.8
2023-01-04,Alice Springs,30.6
2023-01-05,Alice Springs,31.4
2023-01-06,Alice Springs,37.7
2023-01-07,Alice Springs,31.9
2023-01-08,Alice Springs,38.6
2023-01-09,Alice Springs,32.4
2023-01-10,Alice Springs,35.4
2023-01-11,Alice Springs,37.9
2023-01-12,Alice Springs,34.7
2023-01-13,Alice Springs,32.3
2023-01-14,Alice Springs,30.4
2023-01-15,Alice Springs,34.1
2023-01-16,Alice Springs,34.9
2023-01-17,Alice Springs,37.9
2023-01-18,Alice Springs,30.3
2023-01-19,Alice Springs,35.8
2023-01-20,Alice Springs,39.3
2023-01-21,Alice Springs,33.3
2023-01-22,Alice Springs,37.7
2023-01-23,Alice Springs,32.2
2023-01-24,Alice Springs,36.7
2023-01-25,Alice Springs,30.1
2023-01-26,Alice Springs,34.7
2023-01-27,Alice Springs,38.0
2023-01-28,Alice Springs,38.2
2023-01-29,Alice Springs,30.2
2023-01-30,Alice Springs,37.5
2023-01-31,Alice Springs,32.5
2023-02-01,Alice Springs,45
2023-02-02,Alice Springs,30.8
2023-02-03,Alice Springs,34.8
2023-02-04,Alice Springs,37.7
2023-02-05,Alice Springs,33.0
2023-02-06,Alice Springs,33.3
2023-02-07,Alice Springs,35.0
2023-02-08,Alice Springs,34.1
2023-02-09,Alice Springs,38.5
2023-02-10,Alice Springs,32.2
2023-02-11,Alice Springs,34.3
2023-02-12,Alice Springs,35.5
2023-02-13,Alice Springs,22.8
2023-02-14,Alice Springs,32.4
2023-02-15,Alice Springs,31.1
2023-02-16,Alice Springs,24.6
2023-02-17,Alice Springs,18.3
2023-02-18,Alice Springs,35.7
2023-02-19,Alice Springs,32.3
2023-02-20,Alice Springs,30.5
2023-02-21,Alice Springs,33.6
2023-02-22,Alice Springs,39.6
2023-02-23,Alice Springs,36.0
2023-02-24,Alice Springs,30.2
2023-02-25,Alice Springs,37.3
2023-02-26,Alice Springs,36.0
2023-02-27,Alice Springs,29.9
2023-02-28,Alice Springs,30.1
2023-03-01,Alice Springs,28.3
2023-03-02,Alice Springs,25.8
2023-03-03,Alice Springs,29.0
2023-03-04,Alice Springs,24.0
2023-03-05,Alice Springs,26.6
2023-03-06,Alice Springs,24.4
2023-03-07,Alice Springs,20.1
2023-03-08,Alice Springs,24.5
2023-03-09,Alice Springs,28.2
2023-03-10,Alice Springs,25.0
2023-03-11,Alice Springs,29.5
2023-03-12,Alice Springs,21.7
2023-03-13,Alice Springs,21.2
2023-03-14,Alice Springs,22.9
2023-03-15,Alice Springs,20.4
2023-03-16,Alice Springs,27.2
2023-03-17,Alice Springs,23.0
2023-03-18,Alice Springs,26.7
2023-03-19,Alice Springs,27.1
2023-03-20,Alice Springs,25.8
2023-03-21,Alice Springs,28.4
2023-03-22,Alice Springs,27.0
2023-03-23,Alice Springs,27.8
2023-03-24,Alice Springs,25.8
2023-03-25,Alice Springs,36.5
2023-03-26,Alice Springs,27.9
2023-03-27,Alice Springs,23.9
2023-03-28,Alice Springs,29.9
2023-03-29,Alice Springs,28.3
2023-03-30,Alice Springs,10.6
2023-03-31,Alice Springs,26.0
2023-04-01,Alice Springs,21.1
2023-04-02,Alice Springs,27.0
2023-04-03,Alice Springs,29.8
2023-04-04,Alice Springs,21.3
2023-04-05,Alice Springs,23.3
2023-04-06,Alice Springs,23.0
2023-04-07,Alice Springs,27.1
2023-04-08,Alice Springs,20.5
2023-04-09,Alice Springs,28.0
2023-04-10,Alice Springs,26.6
2023-04-11,Alice Springs,25.5
2023-04-12,Alice Springs,22.0
2023-04-13,Alice Springs,25.2
2023-04-14,Alice Springs,36.6
2023-04-15,Alice Springs,25.9
2023-04-16,Alice Springs,29.4
2023-04-17,Alice Springs,20.4
2023-04-18,Alice Springs,20.5
2023-04-19,Alice Springs,23.4
2023-04-20,Alice Springs,25.9
2023-04-21,Alice Springs,27.8
2023-04-22,Alice Springs,22.6
2023-04-23,Alice Springs,27.8
2023-04-24,Alice Springs,25.9
2023-04-25,Alice Springs,23.8
2023-04-26,Alice Springs,26.6
2023-04-27,Alice Springs,28.2
2023-04-28,Alice Springs,24.2
2023-04-29,Alice Springs,28.2
2023-04-30,Alice Springs,26.2
2023-05-01,Alice Springs,26.6
2023-05-02,Alice Springs,20.7
2023-05-03,Alice Springs,24.0
2023-05-04,Alice Springs,21.8
2023-05-05,Alice Springs,23.0
2023-05-06,Alice Springs,39.2
2023-05-07,Alice Springs,20.7
2023-05-08,Alice Springs,22.4
2023-05-09,Alice Springs,29.3
2023-05-10,Alice Springs,21.4
2023-05-11,Alice Springs,24.5
2023-05-12,Alice Springs,25.2
2023-05-13,Alice Springs,27.7
2023-05-14,Alice Springs,24.4
2023-05-15,Alice Springs,20.6
2023-05-16,Alice Springs,28.9
2023-05-17,Alice Springs,23.0
2023-05-18,Alice Springs,27.2
2023-05-19,Alice Springs,26.2
2023-05-20,Alice Springs,24.4
2023-05-21,Alice Springs,21.9
2023-05-22,Alice Springs,25.9
2023-05-23,Alice Springs,27.6
2023-05-24,Alice Springs,20.2
2023-05-25,Alice Springs,22.0
2023-05-26,Alice Springs,27.8
2023-05-27,Alice Springs,26.0
2023-05-28,Alice Springs,21.8
2023-05-29,Alice Springs,21.4
2023-05-30,Alice Springs,22.6
2023-05-31,Alice Springs,37.1
2023-06-01,Alice Springs,10.5
2023-06-02,Alice Springs,15.2
2023-06-03,Alice Springs,13.6
2023-06-04,Alice Springs,13.9
2023-06-05,Alice Springs,19.5
2023-06-06,Alice Springs,18.3
2023-06-07,Alice Springs,19.7
2023-06-08,Alice Springs,14.2
2023-06-09,Alice Springs,15.6
2023-06-10,Alice Springs,16.9
2023-06-11,Alice Springs,15.1
2023-06-12,Alice Springs,11.9
2023-06-13,Alice Springs,16.9
2023-06-14,Alice Springs,15.2
2023-06-15,Alice Springs,12.0
2023-06-16,Alice Springs,14.6
2023-06-17,Alice Springs,19.9
2023-06-18,Alice Springs,17.7
2023-06-19,Alice Springs,14.6
2023-06-20,Alice Springs,14.9
2023-06-21,Alice Springs,18.2
2023-06-22,Alice Springs,12.8
2023-06-23,Alice Springs,18.8
2023-06-24,Alice Springs,11.8
2023-06-25,Alice Springs,19.3
2023-06-26,Alice Springs,12.5
2023-06-27,Alice Springs,11.1
2023-06-28,Alice Springs,18.4
2023-06-29,Alice Springs,14.4
2023-06-30,Alice Springs,10.5
2023-07-01,Alice Springs,16.8
2023-07-02,Alice Springs,16.7
2023-07-03,Alice Springs,17.4
2023-07-04,Alice Springs,13.4
2023-07-05,Alice Springs,13.8
2023-07-06,Alice Springs,19.4
2023-07-07,Alice Springs,19.8
2023-07-08,Alice Springs,10.3
2023-07-09,Alice Springs,15.2
2023-07-10,Alice Springs,17.4
2023-07-11,Alice Springs,10.9
2023-07-12,Alice Springs,16.2
2023-07-13,Alice Springs,19.7
2023-07-14,Alice Springs,15.5
2023-07-15,Alice Springs,14.8
2023-07-16,Alice Springs,14.8
2023-07-17,Alice Springs,15.3
2023-07-18,Alice Springs,11.8
2023-07-19,Alice Springs,13.5
2023-07-20,Alice Springs,18.5
2023-07-21,Alice Springs,11.9
2023-07-22,Alice Springs,19.3
2023-07-23,Alice Springs,19.8
2023-07-24,Alice Springs,14.1
2023-07-25,Alice Springs,19.3
2023-07-26,Alice Springs,34.0
2023-07-27,Alice Springs,13.6
2023-07-28,Alice Springs,17.3
2023-07-29,Alice Springs,16.2
2023-07-30,Alice Springs,15.2
2023-07-31,Alice Springs,11.1
2023-08-01,Alice Springs,24.8
2023-08-02,Alice Springs,16.5
2023-08-03,Alice Springs,16.8
2023-08-04,Alice Springs,14.2
2023-08-05,Alice Springs,14.5
2023-08-06,Alice Springs,12.6
2023-08-07,Alice Springs,12.1
2023-08-08,Alice Springs,16.6
2023-08-09,Alice Springs,13.4
2023-08-10,Alice Springs,17.6
2023-08-11,Alice Springs,12.6
2023-08-12,Alice Springs,18.1
2023-08-13,Alice Springs,18.2
2023-08-14,Alice Springs,19.4
2023-08-15,Alice Springs,13.3
2023-08-16,Alice Springs,15.3
2023-08-17,Alice Springs,18.5
2023-08-18,Alice Springs,14.9
2023-08-19,Alice Springs,16.5
2023-08-20,Alice Springs,10.9
2023-08-21,Alice Springs,19.6
2023-08-22,Alice Springs,12.8
2023-08-23,Alice Springs,10.5
2023-08-24,Alice Springs,10.3
2023-08-25,Alice Springs,10.5
2023-08-26,Alice Springs,12.7
2023-08-27,Alice Springs,18.0
2023-08-28,Alice Springs,32.8
2023-08-29,Alice Springs,17.0
2023-08-30,Alice Springs,12.2
2023-08-31,Alice Springs,18.4
2023-09-01,Alice Springs,31.6
2023-09-02,Alice Springs,23.1
2023-09-03,Alice Springs,24.3
2023-09-04,Alice Springs,25.6
2023-09-05,Alice Springs,19.7
2023-09-06,Alice Springs,30.1
2023-09-07,Alice Springs,28.6
2023-09-08,Alice Springs,29.7
2023-09-09,Alice Springs,24.3
2023-09-10,Alice Springs,32.0
2023-09-11,Alice Springs,23.8
2023-09-12,Alice Springs,32.2
2023-09-13,Alice Springs,24.6
2023-09-14,Alice Springs,30.9
2023-09-15,Alice Springs,27.5
2023-09-16,Alice Springs,29.2
2023-09-17,Alice Springs,30.4
2023-09-18,Alice Springs,27.6
2023-09-19,Alice Springs,29.7
2023-09-20,Alice Springs,33.0
2023-09-21,Alice Springs,32.3
2023-09-22,Alice Springs,31.4
2023-09-23,Alice Springs,29.1
2023-09-24,Alice Springs,27.4
2023-09-25,Alice Springs,29.3
2023-09-26,Alice Springs,24.4
2023-09-27,Alice Springs,26.3
2023-09-28,Alice Springs,25.6
2023-09-29,Alice Springs,32.8
2023-09-30,Alice Springs,30.4
2023-10-01,Alice Springs,31.8
2023-10-02,Alice Springs,29.6
2023-10-03,Alice Springs,23.3
2023-10-04,Alice Springs,28.4
2023-10-05,Alice Springs,27.1
2023-10-06,Alice Springs,26.5
2023-10-07,Alice Springs,30.5
2023-10-08,Alice Springs,23.5
2023-10-09,Alice Springs,25.5
2023-10-10,Alice Springs,23.4
2023-10-11,Alice Springs,41.0
2023-10-12,Alice Springs,32.2
2023-10-13,Alice Springs,31.0
2023-10-14,Alice Springs,23.3
2023-10-15,Alice Springs,31.4
2023-10-16,Alice Springs,28.1
2023-10-17,Alice Springs,29.3
2023-10-18,Alice Springs,32.0
2023-10-19,Alice Springs,29.2
2023-10-20,Alice Springs,25.8
2023-10-21,Alice Springs,25.1
2023-10-22,Alice Springs,23.4
2023-10-23,Alice Springs,24.0
2023-10-24,Alice Springs,24.9
2023-10-25,Alice Springs,28.5
2023-10-26,Alice Springs,26.8
2023-10-27,Alice Springs,27.3
2023-10-28,Alice Springs,31.6
2023-10-29,Alice Springs,26.8
2023-10-30,Alice Springs,30.4
2023-10-31,Alice Springs,25.3
2023-11-01,Alice Springs,25.3
2023-11-02,Alice Springs,28.5
2023-11-03,Alice Springs,28.0
2023-11-04,Alice Springs,26.4
2023-11-05,Alice Springs,25.2
2023-11-06,Alice Springs,27.9
2023-11-07,Alice Springs,27.4
2023-11-08,Alice Springs,24.5
2023-11-09,Alice Springs,28.6
2023-11-10,Alice Springs,26.1
2023-11-11,Alice Springs,25.2
2023-11-12,Alice Springs,29.2
2023-11-13,Alice Springs,27.1
2023-11-14,Alice Springs,30.3
2023-11-15,Alice Springs,24.7
2023-11-16,Alice Springs,29.8
2023-11-17,Alice Springs,24.5
2023-11-18,Alice Springs,25.0
2023-11-19,Alice Springs,29.4
2023-11-20,Alice Springs,31.3
2023-11-21,Alice Springs,31.1
2023-11-22,Alice Springs,24.0
2023-11-23,Alice Springs,25.1
2023-11-24,Alice Springs,26.4
2023-11-25,Alice Springs,25.3
2023-11-26,Alice Springs,32.3
2023-11-27,Alice Springs,31.4
2023-11-28,Alice Springs,31.9
2023-11-29,Alice Springs,28.7
2023-11-30,Alice Springs,27.7
2023-12-01,Alice Springs,31.2
2023-12-02,Alice Springs,36.8
2023-12-03,Alice Springs,35.8
2023-12-04,Alice Springs,38.6
2023-12-05,Alice Springs,37.5
2023-12-06,Alice Springs,39.6
2023-12-07,Alice Springs,39.7
2023-12-08,Alice Springs,32.8
2023-12-09,Alice Springs,36.2
2023-12-10,Alice Springs,37.6
2023-12-11,Alice Springs,38.5
2023-12-12,Alice Springs,37.9
2023-12-13,Alice Springs,38.5
2023-12-14,Alice Springs,35.8
2023-12-15,Alice Springs,39.1
2023-12-16,Alice Springs,35.6
2023-12-17,Alice Springs,37.6
2023-12-18,Alice Springs,39.5
2023-12-19,Alice Springs,32.4
2023-12-20,Alice Springs,32.3
2023-12-21,Alice Springs,38.6
2023-12-22,Alice Springs,30.3
2023-12-23,Alice Springs,37.0
2023-12-24,Alice Springs,30.8
2023-12-25,Alice Springs,30.5
2023-12-26,Alice Springs,45
2023-12-27,Alice Springs,35.0
2023-12-28,Alice Springs,37.1
2023-12-29,Alice Springs,33.8
2023-12-30,Alice Springs,31.4
2023-12-31,Alice Springs,35.5
